State_County,Average of Intra Annual Precipitation,Average of Heat Degree Hours,Average of Growing Degree Days,Average of Season Length,Average of Chill Hours
AL_Autauga,221,772,7413,300,357
AL_Baldwin,285,770,8043,335,210
AL_Barbour,207,772,7597,305,312
AL_Bibb,229,781,7366,298,372
AL_Blount,233,682,6921,284,454
AL_Bullock,212,786,7564,303,324
AL_Butler,228,794,7707,309,300
AL_Calhoun,212,701,7002,286,429
AL_Chambers,214,710,7179,287,371
AL_Cherokee,214,677,6853,282,461
AL_Chilton,222,753,7337,298,370
AL_Choctaw,228,833,7651,301,320
AL_Clarke,234,827,7714,304,309
AL_Clay,224,606,6860,280,422
AL_Cleburne,210,653,6866,280,446
AL_Coffee,224,779,7776,316,291
AL_Colbert,235,742,6975,287,475
AL_Conecuh,242,778,7741,311,294
AL_Coosa,222,723,7228,292,376
AL_Covington,236,792,7730,307,290
AL_Crenshaw,222,794,7660,305,308
AL_Cullman,237,676,6875,281,459
AL_Dale,225,800,7888,321,276
AL_Dallas,218,824,7624,308,334
AL_DeKalb,231,523,6535,277,514
AL_Elmore,214,762,7430,301,347
AL_Escambia,260,794,7824,312,274
AL_Etowah,224,634,6830,285,475
AL_Fayette,239,723,6914,274,442
AL_Franklin,240,713,6886,280,477
AL_Geneva,230,785,7850,317,273
AL_Greene,226,821,7479,299,369
AL_Hale,224,846,7603,307,346
AL_Henry,217,785,7800,317,287
AL_Houston,224,812,7944,321,266
AL_Jackson,226,608,6647,277,508
AL_Jefferson,234,762,7150,286,406
AL_Lamar,238,774,7053,277,431
AL_Lauderdale,238,680,6762,277,502
AL_Lawrence,235,722,6961,288,473
AL_Lee,212,722,7282,293,360
AL_Limestone,230,673,6768,280,505
AL_Lowndes,215,822,7667,308,320
AL_Macon,213,776,7485,301,336
AL_Madison,224,635,6683,278,516
AL_Marengo,223,824,7585,306,344
AL_Marion,249,694,6889,280,470
AL_Marshall,226,667,6893,288,471
AL_Mobile,271,783,7905,319,254
AL_Monroe,236,791,7741,310,296
AL_Montgomery,213,820,7679,309,314
AL_Morgan,229,690,6898,287,480
AL_Perry,224,810,7517,304,353
AL_Pickens,232,811,7268,288,406
AL_Pike,215,776,7680,312,304
AL_Randolph,214,606,6833,278,422
AL_Russell,202,774,7510,302,329
AL_Saint Clair,221,720,7055,288,424
AL_Shelby,220,782,7313,293,369
AL_Sumter,228,829,7508,298,361
AL_Talladega,217,745,7186,288,388
AL_Tallapoosa,220,653,7030,285,395
AL_Tuscaloosa,232,799,7290,291,392
AL_Walker,239,719,6950,278,439
AL_Washington,248,822,7722,301,298
AL_Wilcox,224,818,7617,303,329
AL_Winston,248,681,6897,282,463
AR_Arkansas,221,877,7384,308,471
AR_Ashley,238,906,7622,307,391
AR_Baxter,207,737,6521,262,558
AR_Benton,212,696,6509,267,554
AR_Boone,202,675,6476,267,567
AR_Bradley,236,870,7443,294,406
AR_Calhoun,228,881,7455,291,396
AR_Carroll,204,674,6425,264,568
AR_Chicot,236,910,7612,312,406
AR_Clark,235,870,7323,288,423
AR_Clay,210,825,6771,282,603
AR_Cleburne,226,754,6696,274,544
AR_Cleveland,233,883,7454,306,442
AR_Columbia,229,875,7529,300,386
AR_Conway,223,849,7046,280,487
AR_Craighead,216,853,7019,294,562
AR_Crawford,222,787,6911,281,500
AR_Crittenden,222,855,7176,300,521
AR_Cross,218,859,7129,298,536
AR_Dallas,235,851,7275,288,432
AR_Desha,224,884,7475,310,440
AR_Drew,229,892,7506,307,423
AR_Faulkner,221,824,6987,281,500
AR_Franklin,216,834,7016,282,493
AR_Fulton,202,704,6387,257,576
AR_Garland,249,840,7158,287,453
AR_Grant,236,869,7298,290,444
AR_Greene,212,840,6921,289,579
AR_Hempstead,231,860,7364,292,414
AR_Hot Spring,240,864,7292,289,435
AR_Howard,241,841,7261,288,427
AR_Independence,215,825,6917,284,534
AR_Izard,211,756,6606,265,544
AR_Jackson,218,864,7072,295,544
AR_Jefferson,224,883,7413,308,458
AR_Johnson,227,730,6721,276,533
AR_Lafayette,227,896,7565,300,381
AR_Lawrence,217,832,6888,285,559
AR_Lee,222,860,7212,301,511
AR_Lincoln,227,889,7478,309,441
AR_Little River,235,884,7460,295,399
AR_Logan,214,856,7116,284,481
AR_Lonoke,217,863,7279,303,481
AR_Madison,212,647,6513,271,550
AR_Marion,211,727,6510,261,554
AR_Miller,224,913,7659,308,377
AR_Mississippi,217,852,7024,294,567
AR_Monroe,222,859,7233,302,506
AR_Montgomery,241,788,6972,279,469
AR_Nevada,233,880,7447,295,407
AR_Newton,214,639,6494,271,561
AR_Ouachita,230,878,7431,291,403
AR_Perry,226,867,7150,283,475
AR_Phillips,226,870,7304,304,488
AR_Pike,252,794,7018,280,457
AR_Poinsett,214,864,7088,296,551
AR_Polk,259,756,6925,280,470
AR_Pope,222,825,6960,277,497
AR_Prairie,220,877,7272,304,497
AR_Pulaski,221,865,7259,300,474
AR_Randolph,212,802,6710,274,580
AR_Saint Francis,221,859,7186,300,519
AR_Saline,243,856,7248,289,447
AR_Scott,229,832,7067,282,469
AR_Searcy,210,693,6583,271,548
AR_Sebastian,215,858,7149,285,470
AR_Sevier,246,851,7274,288,420
AR_Sharp,211,763,6560,264,563
AR_Stone,220,732,6614,269,547
AR_Union,229,893,7585,299,378
AR_Van Buren,228,671,6519,270,557
AR_Washington,214,661,6531,270,548
AR_White,221,845,7081,290,511
AR_Woodruff,220,867,7154,299,524
AR_Yell,223,854,7099,282,477
AZ_Apache,77,502,5424,216,620
AZ_Cochise,104,784,7181,293,321
AZ_Coconino,68,644,5793,236,591
AZ_Graham,99,740,7033,292,355
AZ_La Paz,44,1212,9446,362,190
AZ_Maricopa,55,1185,9305,360,201
AZ_Mohave,70,1007,7560,341,360
AZ_Navajo,63,637,5762,230,572
AZ_Pima,74,1092,8794,352,225
AZ_Pinal,65,1156,9061,352,220
AZ_Santa Cruz,149,725,7316,316,299
AZ_Yavapai,111,751,6608,273,407
AZ_Yuma,34,1189,9500,363,169
CA_Alameda,167,305,6562,365,289
CA_Alpine,125,217,4314,187,780
CA_Amador,211,724,6999,358,314
CA_Butte,222,766,7100,358,326
CA_Calaveras,238,699,6856,351,349
CA_Colusa,126,699,6927,349,291
CA_Contra Costa,143,478,6778,359,292
CA_Del Norte,493,0,5287,365,356
CA_El Dorado,403,376,5706,294,614
CA_Fresno,86,818,7332,352,311
CA_Glenn,171,770,7138,357,322
CA_Humboldt,419,78,5545,360,414
CA_Imperial,30,1174,9513,365,161
CA_Inyo,48,861,6550,269,434
CA_Kern,73,859,7548,352,293
CA_Kings,69,855,7428,350,305
CA_Lake,274,569,6392,344,415
CA_Lassen,106,305,4493,206,888
CA_Los Angeles,146,589,6989,353,329
CA_Madera,95,796,7257,352,307
CA_Marin,320,92,6348,365,254
CA_Mariposa,347,143,5066,258,709
CA_Mendocino,321,333,5824,332,423
CA_Merced,100,754,7197,353,300
CA_Modoc,94,272,4246,193,960
CA_Mono,82,131,4032,176,763
CA_Monterey,157,177,6269,354,335
CA_Napa,266,462,6598,361,334
CA_Nevada,266,666,6855,356,332
CA_Orange,165,255,7560,365,99
CA_Placer,202,666,6978,350,302
CA_Plumas,293,285,4689,224,826
CA_Riverside,80,847,7959,362,234
CA_Sacramento,157,643,7014,357,282
CA_San Benito,170,369,6463,353,334
CA_San Bernardino,53,1034,7968,345,292
CA_San Diego,161,453,7148,363,273
CA_San Joaquin,122,658,7018,352,293
CA_San Luis Obispo,169,501,6490,348,334
CA_San Mateo,249,0,5716,365,269
CA_Santa Barbara,161,63,6489,363,287
CA_Santa Clara,182,322,6515,361,309
CA_Shasta,239,644,6559,329,453
CA_Sierra,157,226,4203,184,829
CA_Siskiyou,129,345,4780,229,872
CA_Solano,180,600,6922,359,294
CA_Sonoma,311,243,6368,364,326
CA_Stanislaus,108,717,7140,356,299
CA_Sutter,158,731,7113,357,280
CA_Tehama,214,792,7066,354,346
CA_Trinity,447,240,4894,261,869
CA_Tulare,104,851,7443,353,298
CA_Tuolumne,332,420,5664,276,625
CA_Ventura,191,361,7116,365,217
CA_Yolo,171,725,7066,358,306
CA_Yuba,194,753,7178,360,289
CO_Adams,87,536,5013,198,681
CO_Alamosa,47,73,3658,160,741
CO_Arapahoe,89,498,4964,198,686
CO_Archuleta,220,0,2118,128,866
CO_Baca,100,684,5787,223,573
CO_Bent,83,757,5744,214,577
CO_Boulder,89,449,4931,201,708
CO_Chaffee,57,6,2861,144,780
CO_Cheyenne,90,573,5189,201,621
CO_Clear Creek,114,0,1784,111,680
CO_Conejos,70,26,3470,154,772
CO_Costilla,67,38,3541,158,791
CO_Crowley,74,744,5602,207,575
CO_Custer,85,22,3516,163,831
CO_Delta,74,457,4916,217,848
CO_Denver,92,484,5126,210,698
CO_Dolores,94,249,4340,190,893
CO_Douglas,100,282,4601,192,714
CO_Eagle,95,0,2266,129,805
CO_El Paso,109,82,4026,182,798
CO_Elbert,79,314,4549,185,668
CO_Fremont,83,279,4924,201,738
CO_Garfield,76,275,4450,204,939
CO_Grand,138,0,1822,111,670
CO_Gunnison,97,0,2258,127,788
CO_Hinsdale,139,0,2115,121,869
CO_Huerfano,88,16,3611,174,835
CO_Jackson,68,3,2790,133,847
CO_Jefferson,96,343,4921,209,714
CO_Kiowa,93,642,5385,207,621
CO_Kit Carson,104,560,5184,205,662
CO_La Plata,138,8,3398,164,871
CO_Lake,79,0,2266,124,828
CO_Larimer,94,302,4581,193,761
CO_Las Animas,83,568,5478,213,590
CO_Lincoln,96,443,4823,193,680
CO_Logan,100,545,4996,199,693
CO_Mesa,56,610,5288,232,815
CO_Mineral,137,0,2267,126,851
CO_Moffat,67,215,3902,178,903
CO_Montezuma,80,399,4780,205,818
CO_Montrose,57,469,4940,216,840
CO_Morgan,87,567,5023,198,684
CO_Otero,73,739,5722,213,576
CO_Ouray,83,67,3814,172,841
CO_Park,86,0,2777,139,839
CO_Phillips,106,563,5132,204,673
CO_Pitkin,164,0,1779,103,738
CO_Prowers,94,724,5686,215,585
CO_Pueblo,79,572,5382,211,616
CO_Rio Blanco,67,312,4134,179,872
CO_Rio Grande,57,28,3527,159,763
CO_Routt,95,70,3405,156,851
CO_Saguache,65,9,3342,154,795
CO_San Juan,192,0,1981,116,882
CO_San Miguel,85,147,4130,185,879
CO_Sedgwick,105,579,5155,204,673
CO_Teller,104,1,3134,153,862
CO_Washington,98,527,5004,200,689
CO_Weld,84,517,4916,196,705
CO_Yuma,104,586,5221,207,670
CT_Fairfield,192,231,5251,267,944
CT_Hartford,168,262,5018,246,930
CT_Litchfield,176,153,4603,226,921
CT_New Haven,178,172,5130,263,917
CT_New London,182,145,5021,257,918
CT_Tolland,175,175,4777,238,942
DE_Kent,150,403,5943,281,695
DE_New Castle,164,441,5911,280,774
DE_Sussex,175,458,6118,287,680
FL_Alachua,245,843,8424,329,177
FL_Baker,239,811,8189,322,197
FL_Bay,272,787,8081,322,223
FL_Bradford,237,808,8285,327,184
FL_Brevard,254,750,8967,357,58
FL_Calhoun,259,805,8010,316,240
FL_Charlotte,266,809,9167,357,39
FL_Citrus,271,794,8507,339,152
FL_Collier,248,801,9274,360,30
FL_Columbia,239,847,8346,328,189
FL_DeSoto,263,799,9051,353,48
FL_Dixie,290,806,8242,329,194
FL_Duval,250,796,8334,336,171
FL_Escambia,268,786,7871,315,257
FL_Gadsden,229,814,8076,321,235
FL_Gilchrist,253,854,8389,327,186
FL_Glades,252,801,9142,355,39
FL_Hamilton,226,836,8181,322,213
FL_Hardee,265,810,9061,353,49
FL_Hendry,254,805,9229,360,32
FL_Hernando,260,828,8820,349,116
FL_Highlands,260,806,9068,352,48
FL_Hillsborough,275,815,9080,358,51
FL_Holmes,236,787,7880,316,265
FL_Indian River,270,773,9069,357,40
FL_Jackson,228,822,8038,322,247
FL_Jefferson,235,821,8110,322,225
FL_Lafayette,248,849,8323,327,196
FL_Lake,244,833,8842,349,112
FL_Lee,289,820,9426,364,23
FL_Leon,252,831,8143,321,223
FL_Levy,271,819,8455,334,166
FL_Liberty,253,813,8060,320,235
FL_Madison,230,839,8250,326,206
FL_Manatee,285,793,9068,360,40
FL_Marion,246,831,8620,341,144
FL_Martin,250,769,9264,365,23
FL_Nassau,231,835,8195,322,198
FL_Okaloosa,259,800,7837,311,268
FL_Okeechobee,255,777,9099,355,40
FL_Orange,247,841,8932,351,102
FL_Osceola,257,809,9007,352,67
FL_Palm Beach,258,775,9234,364,24
FL_Pasco,272,837,8937,356,100
FL_Polk,260,833,9100,354,56
FL_Putnam,236,842,8519,335,159
FL_Saint Johns,251,797,8535,347,135
FL_Saint Lucie,255,759,9099,360,34
FL_Santa Rosa,274,799,7953,321,245
FL_Sarasota,288,809,9111,361,38
FL_Seminole,251,810,8789,350,105
FL_Sumter,248,835,8829,349,116
FL_Suwannee,240,859,8361,328,192
FL_Taylor,283,834,8345,337,179
FL_Volusia,243,823,8642,346,130
FL_Walton,258,793,7929,318,249
FL_Washington,240,807,7982,317,250
GA_Appling,197,837,7943,315,252
GA_Atkinson,206,839,7954,314,250
GA_Bacon,206,826,7972,318,245
GA_Baker,212,839,8037,320,251
GA_Baldwin,190,790,7413,292,350
GA_Banks,211,606,6873,289,443
GA_Barrow,207,641,6997,296,427
GA_Bartow,201,638,6814,281,461
GA_Ben Hill,190,848,7866,311,274
GA_Berrien,197,824,7956,316,250
GA_Bleckley,188,822,7648,303,316
GA_Brantley,222,837,8052,315,225
GA_Brooks,221,831,8067,319,235
GA_Bulloch,199,839,7890,318,269
GA_Burke,190,795,7529,300,327
GA_Butts,193,733,7304,298,366
GA_Calhoun,208,798,7907,317,268
GA_Candler,192,854,7902,316,272
GA_Carroll,208,570,6819,283,435
GA_Catoosa,211,586,6574,275,508
GA_Charlton,234,888,8332,325,192
GA_Chattooga,216,633,6713,277,480
GA_Cherokee,218,476,6575,285,503
GA_Clarke,197,681,7137,299,407
GA_Clay,214,786,7822,317,282
GA_Clinch,218,840,8041,316,230
GA_Cobb,206,561,6754,284,467
GA_Coffee,196,841,7912,313,263
GA_Colquitt,206,829,8025,321,245
GA_Columbia,191,767,7209,285,383
GA_Cook,198,825,7980,317,247
GA_Coweta,203,678,7115,292,392
GA_Crawford,190,771,7472,301,336
GA_Crisp,189,874,7909,315,282
GA_Dade,245,341,6270,276,593
GA_Decatur,221,857,8127,323,240
GA_Dodge,188,845,7765,309,298
GA_Dooly,187,841,7763,309,299
GA_Dougherty,208,841,7942,316,269
GA_Douglas,208,605,6863,285,440
GA_Early,217,819,7950,319,264
GA_Echols,215,830,8026,316,235
GA_Effingham,201,849,7852,315,278
GA_Elbert,198,642,6925,284,427
GA_Emanuel,188,836,7783,310,288
GA_Evans,190,834,7855,313,273
GA_Fannin,222,388,6151,258,515
GA_Fayette,197,686,7189,301,401
GA_Floyd,211,661,6829,280,464
GA_Forsyth,216,505,6635,283,480
GA_Franklin,206,647,6980,294,429
GA_Fulton,209,574,6828,289,454
GA_Glascock,196,750,7322,294,362
GA_Glynn,220,770,8070,331,208
GA_Gordon,203,660,6776,279,473
GA_Grady,215,828,8077,322,240
GA_Greene,196,725,7208,295,387
GA_Gwinnett,205,608,6933,295,434
GA_Habersham,237,449,6429,272,490
GA_Hall,226,496,6621,283,475
GA_Hancock,190,762,7361,295,357
GA_Haralson,205,614,6850,281,434
GA_Harris,201,731,7300,294,360
GA_Hart,201,630,6942,292,433
GA_Heard,209,625,6959,287,413
GA_Henry,201,700,7167,298,401
GA_Houston,186,822,7662,306,314
GA_Irwin,187,835,7913,318,268
GA_Jackson,210,624,6963,295,434
GA_Jasper,197,720,7250,295,378
GA_Jeff Davis,198,832,7883,314,266
GA_Jefferson,191,795,7521,300,329
GA_Jenkins,187,824,7672,305,307
GA_Johnson,191,798,7595,304,317
GA_Jones,191,784,7470,298,338
GA_Lamar,193,708,7280,296,362
GA_Lanier,204,834,8030,317,238
GA_Laurens,189,847,7702,305,307
GA_Lee,198,838,7875,316,279
GA_Liberty,214,758,7998,338,211
GA_Lincoln,189,745,7159,287,391
GA_Long,200,855,8053,322,236
GA_Lowndes,212,836,8082,319,228
GA_Macon,186,821,7676,309,311
GA_Madison,198,641,6974,293,429
GA_Marion,196,754,7507,304,326
GA_McDuffie,192,736,7215,288,375
GA_Meriwether,193,711,7233,293,366
GA_Miller,218,846,8055,322,251
GA_Mitchell,213,847,8043,319,250
GA_Monroe,192,755,7368,296,348
GA_Montgomery,190,843,7876,313,271
GA_Morgan,198,717,7184,296,398
GA_Murray,218,575,6635,279,506
GA_Muscogee,192,764,7515,306,330
GA_Newton,204,687,7110,293,409
GA_Oglethorpe,198,683,7087,294,409
GA_Paulding,205,626,6815,281,453
GA_Peach,187,794,7575,304,324
GA_Pickens,218,503,6583,282,499
GA_Pierce,213,845,8005,313,240
GA_Pike,195,702,7220,293,373
GA_Polk,200,662,6878,282,446
GA_Pulaski,188,842,7747,306,302
GA_Putnam,195,749,7324,297,369
GA_Quitman,208,798,7761,314,293
GA_Randolph,203,803,7787,312,288
GA_Richmond,195,819,7539,298,332
GA_Rockdale,204,613,6938,292,438
GA_Schley,192,799,7648,310,312
GA_Screven,197,822,7720,308,298
GA_Seminole,221,856,8119,323,241
GA_Spalding,196,681,7169,295,386
GA_Stephens,234,541,6765,291,454
GA_Sumter,195,816,7717,310,303
GA_Talbot,198,718,7392,300,339
GA_Taliaferro,195,727,7217,292,385
GA_Tattnall,192,839,7910,315,262
GA_Taylor,191,768,7515,303,330
GA_Telfair,188,842,7845,311,277
GA_Terrell,200,808,7803,312,286
GA_Thomas,218,834,8109,323,232
GA_Tift,191,801,7881,316,267
GA_Toombs,190,852,7917,314,266
GA_Towns,208,310,5971,251,522
GA_Treutlen,191,842,7793,309,288
GA_Troup,202,711,7212,290,370
GA_Turner,191,821,7847,314,281
GA_Twiggs,187,822,7636,305,318
GA_Union,213,297,5936,250,529
GA_Upson,196,720,7340,299,353
GA_Walker,216,567,6594,276,504
GA_Walton,203,663,7052,296,416
GA_Ware,214,842,8026,315,236
GA_Warren,197,726,7196,291,388
GA_Washington,192,761,7452,299,338
GA_Wayne,208,845,8017,316,235
GA_Webster,197,778,7627,309,310
GA_Wheeler,193,848,7832,311,284
GA_White,263,237,5888,256,544
GA_Whitfield,210,601,6622,275,500
GA_Wilcox,189,848,7802,309,292
GA_Wilkes,194,712,7126,289,398
GA_Wilkinson,187,823,7602,302,322
GA_Worth,197,819,7892,316,269
IA_Adair,178,461,5198,226,776
IA_Adams,179,462,5188,224,764
IA_Allamakee,177,292,4668,219,827
IA_Appanoose,186,473,5339,235,784
IA_Audubon,178,436,5033,221,780
IA_Benton,179,394,4991,225,808
IA_Black Hawk,181,369,4873,222,809
IA_Boone,182,410,5018,224,796
IA_Bremer,186,352,4797,220,803
IA_Buchanan,178,348,4825,221,812
IA_Buena Vista,174,357,4741,214,778
IA_Butler,183,381,4867,222,802
IA_Calhoun,173,404,4898,217,786
IA_Carroll,173,421,4962,219,786
IA_Cass,182,462,5131,222,773
IA_Cedar,171,410,5100,231,826
IA_Cerro Gordo,180,317,4652,215,786
IA_Cherokee,164,385,4761,212,772
IA_Chickasaw,183,325,4716,218,798
IA_Clarke,183,455,5220,228,771
IA_Clay,167,348,4671,212,773
IA_Clayton,174,331,4741,218,821
IA_Clinton,166,386,5047,231,841
IA_Crawford,170,413,4995,222,787
IA_Dallas,177,436,5125,227,797
IA_Davis,184,512,5449,238,788
IA_Decatur,183,467,5274,229,770
IA_Delaware,175,316,4723,217,814
IA_Des Moines,173,482,5443,245,827
IA_Dickinson,165,318,4587,211,766
IA_Dubuque,170,311,4783,223,838
IA_Emmet,166,314,4605,212,777
IA_Fayette,180,311,4672,214,795
IA_Floyd,183,351,4774,219,796
IA_Franklin,182,353,4770,217,789
IA_Fremont,182,557,5486,234,751
IA_Greene,174,440,5063,223,789
IA_Grundy,184,363,4832,220,799
IA_Guthrie,179,441,5051,221,781
IA_Hamilton,181,380,4868,219,789
IA_Hancock,171,324,4684,215,776
IA_Hardin,184,373,4853,219,797
IA_Harrison,175,492,5201,226,772
IA_Henry,175,501,5470,245,825
IA_Howard,181,277,4540,213,787
IA_Humboldt,171,359,4804,217,784
IA_Ida,170,402,4886,216,783
IA_Iowa,178,439,5152,230,809
IA_Jackson,167,339,4867,224,836
IA_Jasper,179,437,5148,230,805
IA_Jefferson,174,523,5472,243,816
IA_Johnson,174,466,5278,238,831
IA_Jones,171,370,4926,224,820
IA_Keokuk,173,472,5287,234,809
IA_Kossuth,169,336,4718,216,779
IA_Lee,177,525,5561,248,819
IA_Linn,174,393,4995,227,816
IA_Louisa,172,485,5417,244,833
IA_Lucas,184,458,5247,229,782
IA_Lyon,150,390,4680,208,749
IA_Madison,179,449,5188,228,784
IA_Mahaska,178,460,5262,233,801
IA_Marion,183,483,5338,236,800
IA_Marshall,182,377,4928,223,803
IA_Mills,182,523,5367,230,760
IA_Mitchell,179,300,4623,216,790
IA_Monona,172,490,5180,225,774
IA_Monroe,181,471,5325,235,790
IA_Montgomery,186,510,5309,228,764
IA_Muscatine,171,473,5347,241,839
IA_O'Brien,166,363,4703,211,764
IA_Osceola,162,319,4551,207,751
IA_Page,185,523,5377,230,757
IA_Palo Alto,169,346,4722,215,780
IA_Plymouth,154,435,4901,214,762
IA_Pocahontas,171,373,4790,215,780
IA_Polk,181,432,5162,231,805
IA_Pottawattamie,183,474,5201,226,772
IA_Poweshiek,178,433,5058,226,804
IA_Ringgold,181,461,5266,229,760
IA_Sac,174,389,4849,216,787
IA_Scott,166,428,5231,238,843
IA_Shelby,179,442,5082,223,778
IA_Sioux,153,406,4791,212,759
IA_Story,183,378,4970,224,801
IA_Tama,185,388,4938,222,802
IA_Taylor,184,483,5295,228,757
IA_Union,178,451,5209,227,770
IA_Van Buren,179,554,5547,243,803
IA_Wapello,175,495,5408,239,806
IA_Warren,181,459,5249,232,796
IA_Washington,171,491,5358,240,829
IA_Wayne,184,449,5230,228,774
IA_Webster,179,392,4898,219,789
IA_Winnebago,173,314,4648,215,782
IA_Winneshiek,177,292,4616,215,802
IA_Woodbury,160,451,5021,219,771
IA_Worth,175,294,4587,214,782
IA_Wright,179,344,4751,215,779
ID_Ada,66,563,5164,253,916
ID_Adams,136,425,4367,207,1014
ID_Bannock,98,335,4199,202,1000
ID_Bear Lake,78,174,3506,161,877
ID_Benewah,148,214,4048,238,1313
ID_Bingham,56,363,4197,198,919
ID_Blaine,97,223,3735,170,895
ID_Boise,160,287,4166,206,1017
ID_Bonner,184,127,3687,215,1331
ID_Bonneville,66,286,3984,193,916
ID_Boundary,125,203,4019,233,1315
ID_Butte,53,321,3855,175,816
ID_Camas,101,220,3565,160,871
ID_Canyon,59,588,5291,260,894
ID_Caribou,81,237,3713,171,918
ID_Cassia,63,397,4542,215,945
ID_Clark,68,193,3653,177,822
ID_Clearwater,173,240,4221,245,1169
ID_Custer,141,11,2705,135,865
ID_Elmore,123,317,4019,190,950
ID_Franklin,90,440,4392,204,954
ID_Fremont,80,171,3570,170,893
ID_Gem,78,568,5143,254,929
ID_Gooding,63,590,5032,235,926
ID_Idaho,137,165,3907,218,1088
ID_Jefferson,52,321,3930,182,830
ID_Jerome,62,519,4828,227,940
ID_Kootenai,132,238,4242,252,1346
ID_Latah,137,239,4207,249,1260
ID_Lemhi,110,66,3150,161,932
ID_Lewis,102,201,4097,238,1152
ID_Lincoln,63,471,4520,206,918
ID_Madison,78,190,3682,178,910
ID_Minidoka,57,432,4528,210,919
ID_Nez Perce,107,348,4755,278,1100
ID_Oneida,90,371,4347,209,1001
ID_Owyhee,59,491,4884,232,918
ID_Payette,65,602,5212,252,902
ID_Power,72,399,4400,208,962
ID_Shoshone,198,154,3696,215,1376
ID_Teton,84,106,3339,162,898
ID_Twin Falls,60,459,4817,233,939
ID_Valley,180,25,2705,126,922
ID_Washington,110,540,4832,233,973
IL_Adams,175,552,5685,249,794
IL_Alexander,208,735,6505,276,655
IL_Bond,175,637,5987,258,756
IL_Boone,161,349,4918,228,870
IL_Brown,171,564,5690,248,786
IL_Bureau,166,439,5219,236,844
IL_Calhoun,170,627,5885,251,757
IL_Carroll,169,374,4926,222,849
IL_Cass,172,564,5690,248,790
IL_Champaign,166,506,5536,246,826
IL_Christian,170,575,5768,252,791
IL_Clark,183,574,5848,257,790
IL_Clay,188,634,6004,260,756
IL_Clinton,183,639,6054,262,747
IL_Coles,174,558,5796,256,804
IL_Cook,165,396,5188,243,889
IL_Crawford,175,579,5887,257,748
IL_Cumberland,178,582,5852,257,791
IL_De Witt,168,519,5565,246,816
IL_DeKalb,163,357,4988,230,856
IL_Douglas,171,568,5756,253,808
IL_DuPage,164,403,5135,239,881
IL_Edgar,173,535,5708,252,812
IL_Edwards,193,679,6177,267,738
IL_Effingham,146,479,5601,246,714
IL_Fayette,157,535,5735,249,730
IL_Ford,158,450,5333,239,840
IL_Franklin,195,683,6209,266,716
IL_Fulton,171,502,5441,240,812
IL_Gallatin,197,689,6311,270,693
IL_Greene,172,604,5854,251,767
IL_Grundy,160,426,5230,239,860
IL_Hamilton,192,674,6167,263,719
IL_Hancock,179,526,5524,243,809
IL_Hardin,201,679,6373,273,660
IL_Henderson,175,496,5458,243,821
IL_Henry,168,445,5273,238,837
IL_Iroquois,160,450,5330,240,845
IL_Jackson,196,700,6247,263,701
IL_Jasper,158,524,5750,252,729
IL_Jefferson,189,660,6081,260,733
IL_Jersey,160,574,5834,251,719
IL_Jo Daviess,171,325,4810,221,846
IL_Johnson,204,693,6398,273,664
IL_Kane,163,344,4945,229,862
IL_Kankakee,164,427,5240,238,855
IL_Kendall,160,402,5148,238,871
IL_Knox,169,459,5339,238,820
IL_La Salle,162,421,5203,237,850
IL_Lake,151,279,4853,235,903
IL_Lawrence,193,626,6025,262,765
IL_Lee,163,382,5017,228,839
IL_Livingston,156,458,5360,240,842
IL_Logan,167,553,5662,248,805
IL_Macon,170,559,5706,251,811
IL_Macoupin,170,617,5928,256,772
IL_Madison,176,656,6069,260,746
IL_Marion,185,630,5985,258,752
IL_Marshall,162,481,5360,239,835
IL_Mason,170,563,5610,245,799
IL_Massac,207,713,6485,276,651
IL_McDonough,173,513,5478,241,811
IL_McHenry,159,335,4881,228,878
IL_McLean,158,486,5449,242,827
IL_Menard,167,547,5676,249,802
IL_Mercer,170,461,5349,241,833
IL_Monroe,184,683,6192,264,711
IL_Montgomery,171,616,5884,254,772
IL_Morgan,172,560,5703,248,785
IL_Moultrie,172,562,5745,252,804
IL_Ogle,161,359,4950,227,849
IL_Peoria,165,466,5335,237,816
IL_Perry,190,685,6211,265,718
IL_Piatt,173,540,5666,251,815
IL_Pike,171,585,5759,249,776
IL_Pope,204,696,6384,270,665
IL_Pulaski,204,724,6493,277,659
IL_Putnam,164,459,5258,235,837
IL_Randolph,188,719,6242,263,706
IL_Richland,190,617,5987,261,767
IL_Rock Island,168,454,5311,240,842
IL_Saint Clair,182,696,6226,266,720
IL_Saline,199,698,6294,267,694
IL_Sangamon,167,564,5744,251,797
IL_Schuyler,173,577,5731,251,790
IL_Scott,172,580,5751,248,779
IL_Shelby,175,585,5827,255,790
IL_Stark,164,437,5228,234,824
IL_Stephenson,166,324,4817,222,855
IL_Tazewell,164,517,5494,242,822
IL_Union,206,703,6388,271,665
IL_Vermilion,165,494,5531,246,830
IL_Wabash,194,662,6123,263,740
IL_Warren,172,487,5414,241,822
IL_Washington,182,662,6160,265,731
IL_Wayne,190,660,6112,263,741
IL_White,194,677,6216,266,717
IL_Whiteside,167,423,5156,234,850
IL_Will,167,407,5202,240,873
IL_Williamson,199,679,6235,265,696
IL_Winnebago,162,345,4906,227,866
IL_Woodford,159,498,5387,238,831
IN_Adams,150,375,5285,243,864
IN_Allen,154,372,5194,240,883
IN_Bartholomew,186,473,5682,249,784
IN_Benton,158,423,5303,239,840
IN_Blackford,155,334,5238,241,850
IN_Boone,168,410,5364,241,819
IN_Brown,187,419,5598,249,785
IN_Carroll,157,426,5373,244,855
IN_Cass,156,395,5270,241,858
IN_Clark,193,551,5997,259,716
IN_Clay,188,504,5698,250,791
IN_Clinton,161,397,5338,243,837
IN_Crawford,208,549,5995,256,689
IN_Daviess,197,586,5988,258,744
IN_Dearborn,193,359,5446,243,796
IN_Decatur,189,417,5580,249,793
IN_DeKalb,152,366,5147,239,895
IN_Delaware,161,361,5295,240,834
IN_Dubois,200,561,5994,258,720
IN_Elkhart,151,340,5119,242,904
IN_Fayette,179,382,5373,239,815
IN_Floyd,197,555,6023,260,712
IN_Fountain,160,425,5384,242,834
IN_Franklin,183,413,5503,243,801
IN_Fulton,157,361,5150,238,860
IN_Gibson,195,652,6140,264,736
IN_Grant,158,369,5272,241,850
IN_Greene,155,382,5514,241,699
IN_Hamilton,165,385,5316,240,827
IN_Hancock,185,425,5489,245,816
IN_Harrison,194,558,6051,261,697
IN_Hendricks,176,425,5458,243,807
IN_Howard,162,397,5297,241,845
IN_Huntington,153,378,5238,240,857
IN_Jackson,182,463,5731,248,726
IN_Jasper,162,412,5249,240,863
IN_Jay,155,358,5272,241,849
IN_Jefferson,190,462,5752,252,755
IN_Jennings,133,281,5355,236,663
IN_Johnson,183,428,5534,245,793
IN_Knox,196,607,5991,260,759
IN_Kosciusko,154,335,5140,241,880
IN_LaGrange,150,303,4991,237,903
IN_Lake,169,391,5163,237,863
IN_LaPorte,159,351,5158,245,905
IN_Lawrence,200,509,5816,251,748
IN_Madison,162,371,5303,241,841
IN_Marion,178,426,5543,248,807
IN_Marshall,159,372,5179,241,881
IN_Martin,203,553,5898,252,735
IN_Miami,157,381,5241,240,854
IN_Monroe,196,488,5749,252,771
IN_Montgomery,173,444,5375,237,807
IN_Morgan,183,434,5524,244,798
IN_Newton,160,430,5290,240,851
IN_Noble,153,328,5073,238,895
IN_Orange,201,531,5896,253,730
IN_Owen,195,469,5630,246,783
IN_Parke,181,515,5661,250,802
IN_Perry,209,573,6026,255,680
IN_Pike,195,600,6071,261,735
IN_Porter,164,367,5152,241,885
IN_Posey,197,672,6245,270,718
IN_Pulaski,157,384,5190,238,868
IN_Putnam,181,451,5491,243,802
IN_Randolph,159,326,5228,238,829
IN_Ripley,168,316,5367,239,746
IN_Rush,183,386,5417,242,815
IN_Saint Joseph,155,340,5124,243,901
IN_Scott,191,540,5917,254,736
IN_Shelby,182,443,5579,248,803
IN_Spencer,195,628,6246,269,694
IN_Starke,160,389,5194,240,884
IN_Steuben,153,297,4945,234,900
IN_Sullivan,162,483,5695,250,727
IN_Switzerland,186,477,5822,254,749
IN_Tippecanoe,158,425,5394,244,838
IN_Tipton,163,373,5246,237,832
IN_Union,176,380,5361,237,812
IN_Vanderburgh,198,670,6269,271,711
IN_Vermillion,175,529,5690,251,812
IN_Vigo,186,541,5784,254,792
IN_Wabash,157,368,5202,239,857
IN_Warren,160,430,5363,241,837
IN_Warrick,196,648,6218,267,710
IN_Washington,195,535,5908,254,728
IN_Wells,152,352,5233,241,857
IN_White,156,414,5313,241,853
IN_Whitley,155,334,5115,238,878
KS_Allen,213,713,6238,258,642
KS_Anderson,203,707,6192,256,653
KS_Atchison,183,667,5944,248,704
KS_Barber,156,816,6343,247,586
KS_Barton,145,773,6080,241,619
KS_Bourbon,216,736,6291,259,641
KS_Brown,182,651,5821,244,707
KS_Butler,196,757,6275,253,620
KS_Chase,189,713,6107,249,647
KS_Chautauqua,219,771,6455,258,583
KS_Cherokee,224,752,6464,264,600
KS_Cheyenne,112,633,5388,212,648
KS_Clark,131,775,6118,237,577
KS_Clay,169,747,6049,248,663
KS_Cloud,161,718,5885,242,670
KS_Coffey,198,674,6049,250,664
KS_Comanche,141,814,6403,249,561
KS_Cowley,197,815,6528,261,586
KS_Crawford,223,756,6396,262,623
KS_Decatur,126,675,5483,213,638
KS_Dickinson,164,736,6077,247,628
KS_Doniphan,184,626,5840,247,728
KS_Douglas,177,641,6007,252,657
KS_Edwards,140,776,6129,240,599
KS_Elk,208,747,6340,256,602
KS_Ellis,128,730,5836,231,624
KS_Ellsworth,152,767,6049,241,625
KS_Finney,109,722,5826,226,598
KS_Ford,128,753,6044,237,597
KS_Franklin,194,699,6143,255,671
KS_Geary,127,564,5665,234,583
KS_Gove,101,638,5513,218,604
KS_Graham,126,702,5667,223,635
KS_Grant,98,753,5933,226,575
KS_Gray,121,727,5903,230,595
KS_Greeley,102,670,5504,212,616
KS_Greenwood,201,705,6187,252,635
KS_Hamilton,98,714,5691,216,586
KS_Harper,175,860,6569,260,582
KS_Harvey,185,776,6233,252,640
KS_Haskell,106,735,5955,231,582
KS_Hodgeman,125,756,5978,233,601
KS_Jackson,184,671,5936,246,687
KS_Jefferson,190,671,6001,251,697
KS_Jewell,152,669,5632,229,670
KS_Johnson,182,625,6002,253,663
KS_Kearny,102,727,5794,222,591
KS_Kingman,172,822,6371,254,610
KS_Kiowa,140,766,6132,241,598
KS_Labette,224,757,6410,260,605
KS_Lane,113,726,5785,224,604
KS_Leavenworth,191,683,6061,254,699
KS_Lincoln,137,721,5840,232,618
KS_Linn,206,701,6171,256,659
KS_Logan,90,605,5386,211,592
KS_Lyon,195,683,6054,251,667
KS_Marion,183,741,6110,248,647
KS_Marshall,177,648,5724,237,696
KS_McPherson,174,775,6170,249,640
KS_Meade,116,764,6093,236,576
KS_Miami,204,674,6093,255,681
KS_Mitchell,152,741,5865,236,655
KS_Montgomery,222,764,6438,260,594
KS_Morris,183,694,5992,247,664
KS_Morton,98,751,5988,230,566
KS_Nemaha,179,642,5772,241,701
KS_Neosho,220,746,6344,260,624
KS_Ness,122,751,5890,229,609
KS_Norton,132,668,5496,216,647
KS_Osage,190,678,6033,251,681
KS_Osborne,146,742,5771,227,641
KS_Ottawa,141,726,5950,240,610
KS_Pawnee,138,774,6089,240,609
KS_Phillips,136,714,5615,220,654
KS_Pottawatomie,180,686,5955,245,675
KS_Pratt,150,799,6272,247,601
KS_Rawlins,123,654,5403,211,645
KS_Reno,168,786,6233,251,631
KS_Republic,165,675,5731,236,681
KS_Rice,158,776,6158,247,629
KS_Riley,176,703,5949,245,670
KS_Rooks,136,724,5719,225,637
KS_Rush,135,766,5966,234,615
KS_Russell,136,731,5897,237,626
KS_Saline,168,789,6167,250,649
KS_Scott,109,718,5724,220,603
KS_Sedgwick,181,790,6329,257,629
KS_Seward,107,773,6138,237,566
KS_Shawnee,181,668,5990,249,673
KS_Sheridan,122,686,5590,219,634
KS_Sherman,114,617,5356,211,651
KS_Smith,144,709,5668,226,660
KS_Stafford,146,805,6270,249,609
KS_Stanton,96,753,5944,226,568
KS_Stevens,101,761,6074,234,564
KS_Sumner,181,841,6551,262,592
KS_Thomas,118,649,5431,213,638
KS_Trego,105,664,5654,224,602
KS_Wabaunsee,170,652,5933,245,655
KS_Wallace,107,675,5543,215,628
KS_Washington,172,693,5833,240,683
KS_Wichita,106,690,5593,215,612
KS_Wilson,218,749,6356,259,615
KS_Woodson,210,712,6228,257,636
KS_Wyandotte,195,673,6048,255,703
KY_Adair,197,556,6235,265,628
KY_Allen,205,648,6463,274,607
KY_Anderson,193,516,5993,258,695
KY_Ballard,208,733,6519,277,648
KY_Barren,204,632,6392,270,614
KY_Bath,175,493,5901,253,699
KY_Boone,147,354,5578,249,697
KY_Bourbon,178,504,5902,254,711
KY_Boyle,184,519,6121,264,668
KY_Bracken,175,453,5837,256,734
KY_Breckinridge,202,600,6237,268,666
KY_Bullitt,195,629,6322,272,663
KY_Butler,214,641,6292,264,644
KY_Caldwell,211,730,6635,282,601
KY_Calloway,223,735,6662,282,602
KY_Campbell,172,476,5861,258,756
KY_Carlisle,217,753,6580,276,627
KY_Carroll,186,530,5997,261,719
KY_Carter,167,432,5700,239,703
KY_Casey,196,483,6104,263,654
KY_Christian,214,696,6503,273,614
KY_Clark,174,496,5974,257,692
KY_Clay,174,393,5843,245,651
KY_Crittenden,200,697,6465,276,642
KY_Cumberland,197,568,6311,267,608
KY_Daviess,194,670,6361,273,678
KY_Edmonson,212,640,6218,258,635
KY_Estill,170,514,6084,257,660
KY_Fayette,179,493,5998,261,703
KY_Fleming,175,451,5826,253,723
KY_Floyd,154,514,6055,253,660
KY_Franklin,186,514,5964,256,702
KY_Fulton,219,772,6632,278,627
KY_Gallatin,182,498,5875,256,740
KY_Garrard,177,533,6164,265,666
KY_Grant,175,489,5934,262,742
KY_Graves,217,726,6603,277,605
KY_Grayson,207,587,6190,263,655
KY_Green,203,587,6284,267,628
KY_Greenup,156,449,5777,248,723
KY_Hancock,201,632,6302,272,690
KY_Hardin,200,580,6215,267,661
KY_Harlan,177,240,5738,254,655
KY_Harrison,176,506,5887,253,719
KY_Hart,203,590,6279,267,635
KY_Henderson,195,689,6386,276,689
KY_Henry,191,526,5965,257,719
KY_Hickman,218,747,6590,277,617
KY_Hopkins,202,729,6538,276,634
KY_Jackson,175,364,5716,243,676
KY_Jefferson,196,597,6202,267,691
KY_Jessamine,180,500,6079,265,687
KY_Kenton,175,471,5875,260,757
KY_Knox,176,434,5963,250,638
KY_Larue,199,556,6253,269,639
KY_Laurel,174,419,6001,258,645
KY_Lawrence,163,430,5707,237,690
KY_Lee,172,455,5950,251,665
KY_Lewis,172,449,5782,249,725
KY_Lincoln,184,487,6085,263,661
KY_Livingston,207,697,6475,276,635
KY_Logan,210,649,6385,268,626
KY_Lyon,210,761,6665,283,613
KY_Madison,172,511,6040,258,680
KY_Marion,194,549,6155,264,654
KY_Marshall,210,758,6630,279,619
KY_Mason,176,442,5744,249,735
KY_McCracken,207,726,6504,276,647
KY_McCreary,185,475,6075,256,621
KY_McLean,194,684,6423,274,669
KY_Meade,200,586,6210,267,670
KY_Menifee,182,426,5961,262,689
KY_Mercer,185,536,6157,266,670
KY_Metcalfe,194,587,6318,269,620
KY_Monroe,202,583,6380,272,606
KY_Montgomery,176,484,5938,256,699
KY_Morgan,166,448,5813,242,676
KY_Muhlenberg,205,683,6439,272,643
KY_Nelson,201,603,6280,269,654
KY_Nicholas,177,493,5878,253,713
KY_Ohio,205,659,6379,271,653
KY_Oldham,199,583,6034,259,713
KY_Owen,186,536,5999,260,718
KY_Pendleton,172,475,5834,254,741
KY_Perry,160,382,5908,251,653
KY_Pike,153,438,5924,251,671
KY_Powell,175,476,5942,254,688
KY_Pulaski,189,465,6088,261,645
KY_Robertson,176,466,5848,252,719
KY_Rockcastle,181,491,6118,263,649
KY_Rowan,175,472,5927,256,695
KY_Russell,199,495,6134,264,641
KY_Scott,179,508,5956,258,715
KY_Shelby,194,535,5918,251,708
KY_Simpson,206,649,6428,272,622
KY_Spencer,192,559,6033,257,690
KY_Taylor,202,545,6228,268,639
KY_Todd,211,657,6440,272,618
KY_Trigg,216,715,6587,278,601
KY_Trimble,193,479,5842,255,741
KY_Union,198,691,6385,274,682
KY_Warren,207,661,6366,266,631
KY_Washington,194,566,6199,267,661
KY_Wayne,191,482,6113,260,632
KY_Webster,198,704,6478,277,658
KY_Whitley,178,443,5993,251,630
KY_Wolfe,165,433,5836,245,676
KY_Woodford,187,519,6052,262,689
LA_Acadia Parish,252,903,8303,339,232
LA_Allen Parish,264,874,8120,331,258
LA_Ascension Parish,263,846,8215,336,230
LA_Assumption Parish,261,843,8268,338,219
LA_Avoyelles Parish,247,894,8074,329,278
LA_Beauregard Parish,255,876,8115,329,253
LA_Bienville Parish,238,885,7675,305,355
LA_Bossier Parish,227,923,7735,305,356
LA_Caddo Parish,233,929,7814,311,343
LA_Calcasieu Parish,267,852,8204,336,230
LA_Caldwell Parish,250,910,7794,312,349
LA_Cameron Parish,262,849,8326,344,206
LA_Catahoula Parish,250,897,7921,320,317
LA_Claiborne Parish,231,885,7601,301,373
LA_Concordia Parish,250,881,7940,324,309
LA_De Soto Parish,234,902,7778,306,335
LA_East Baton Rouge Parish,259,844,8110,332,249
LA_East Carroll Parish,244,907,7728,316,377
LA_East Feliciana Parish,257,823,7974,323,264
LA_Evangeline Parish,251,912,8257,335,245
LA_Franklin Parish,250,906,7829,316,342
LA_Grant Parish,253,918,8101,328,284
LA_Iberia Parish,264,823,8263,339,212
LA_Iberville Parish,252,845,8199,338,236
LA_Jackson Parish,239,901,7698,305,353
LA_Jefferson Davis Parish,258,866,8237,339,233
LA_La Salle Parish,250,890,7940,320,305
LA_Lafayette Parish,258,864,8280,341,222
LA_Lafourche Parish,282,798,8364,344,180
LA_Lincoln Parish,240,885,7666,306,356
LA_Livingston Parish,265,848,8118,329,244
LA_Madison Parish,243,890,7752,315,358
LA_Morehouse Parish,240,904,7706,311,369
LA_Natchitoches Parish,248,925,7967,317,309
LA_Ouachita Parish,239,918,7775,312,354
LA_Pointe Coupee Parish,243,852,8135,335,252
LA_Rapides Parish,253,911,8080,327,283
LA_Red River Parish,234,889,7704,302,346
LA_Richland Parish,244,896,7739,313,362
LA_Sabine Parish,240,885,7786,308,324
LA_Saint Charles Parish,276,824,8420,348,178
LA_Saint Helena Parish,257,822,7873,315,276
LA_Saint James Parish,265,833,8309,341,204
LA_Saint Landry Parish,249,884,8243,338,238
LA_Saint Martin Parish,260,855,8231,339,229
LA_Saint Mary Parish,271,763,8230,343,198
LA_Saint Tammany Parish,261,828,7990,322,249
LA_Tangipahoa Parish,258,838,7947,318,266
LA_Tensas Parish,247,890,7835,316,335
LA_Terrebonne Parish,282,801,8368,345,180
LA_Union Parish,234,904,7687,305,362
LA_Vermilion Parish,262,825,8258,340,214
LA_Vernon Parish,257,875,7981,322,282
LA_Washington Parish,253,829,7925,317,269
LA_Webster Parish,230,914,7758,306,346
LA_West Baton Rouge Parish,253,857,8190,337,241
LA_West Carroll Parish,239,907,7719,314,373
LA_West Feliciana Parish,251,838,8035,328,264
LA_Winn Parish,255,888,7847,312,320
MA_Berkshire,164,89,4242,213,898
MA_Bristol,178,103,5133,276,942
MA_Dukes,166,8,4990,277,882
MA_Essex,175,197,4865,249,957
MA_Franklin,165,193,4586,224,934
MA_Hampshire,164,202,4678,229,929
MA_Middlesex,171,123,4472,231,977
MA_Norfolk,175,234,4979,248,927
MA_Worcester,167,140,4487,226,948
MD_Allegany,142,378,5417,243,820
MD_Baltimore,167,422,5709,260,787
MD_Calvert,165,485,6268,297,686
MD_Caroline,153,462,5988,277,694
MD_Carroll,159,419,5659,258,804
MD_Cecil,168,484,5845,265,768
MD_Charles,167,524,6274,284,686
MD_Dorchester,169,552,6391,299,642
MD_Frederick,158,457,5750,259,783
MD_Garrett,151,87,4710,226,813
MD_Harford,170,448,5753,261,779
MD_Howard,166,443,5844,268,774
MD_Kent,164,514,6087,283,748
MD_Montgomery,165,423,5845,269,774
MD_Queen Anne's,151,475,5995,277,719
MD_Saint Mary's,170,478,6309,296,644
MD_Somerset,169,473,6347,300,632
MD_Talbot,168,510,6102,284,729
MD_Washington,150,451,5658,256,814
MD_Wicomico,171,503,6249,286,651
MD_Worcester,172,433,6195,292,638
ME_Androscoggin,168,119,4280,223,950
ME_Aroostook,132,53,3607,199,887
ME_Cumberland,176,130,4321,221,955
ME_Franklin,167,71,3835,199,889
ME_Hancock,161,65,4161,229,996
ME_Kennebec,157,125,4222,216,930
ME_Knox,184,40,4180,231,982
ME_Lincoln,169,71,4293,232,989
ME_Oxford,167,105,4076,207,912
ME_Penobscot,150,98,3977,205,895
ME_Piscataquis,141,52,3551,189,810
ME_Sagadahoc,171,64,4335,235,999
ME_Somerset,155,88,3938,204,895
ME_Waldo,162,80,4221,226,963
ME_Washington,171,63,3986,216,936
ME_York,177,157,4473,229,955
MI_,123,82,4106,231,1054
MI_Alcona,117,163,4228,223,1013
MI_Alger,130,123,3843,205,995
MI_Allegan,145,275,4856,241,993
MI_Alpena,110,162,4163,221,1012
MI_Antrim,126,145,4292,232,1065
MI_Arenac,124,189,4305,222,993
MI_Baraga,131,117,3723,193,896
MI_Barry,141,293,4877,237,961
MI_Bay,127,234,4602,237,1010
MI_Benzie,130,147,4440,247,1120
MI_Berrien,149,311,5121,251,961
MI_Branch,147,290,4924,236,929
MI_Calhoun,143,280,4870,236,944
MI_Cass,147,332,5057,241,929
MI_Charlevoix,125,172,4388,236,1071
MI_Cheboygan,118,85,4081,226,1030
MI_Chippewa,121,44,3737,214,980
MI_Clare,129,202,4244,211,947
MI_Clinton,133,281,4753,233,956
MI_Delta,124,78,3912,218,1004
MI_Dickinson,131,160,3960,200,917
MI_Eaton,135,259,4754,233,946
MI_Emmet,121,54,4110,228,1032
MI_Genesee,125,250,4724,235,956
MI_Gladwin,127,234,4353,215,959
MI_Grand Traverse,123,176,4206,220,1023
MI_Gratiot,131,278,4660,231,975
MI_Hillsdale,145,274,4825,231,911
MI_Houghton,122,111,3797,203,972
MI_Huron,126,177,4471,238,1029
MI_Ingham,129,252,4759,234,947
MI_Ionia,137,277,4733,232,963
MI_Iosco,121,191,4279,217,982
MI_Iron,133,95,3573,179,827
MI_Isabella,131,254,4521,225,978
MI_Jackson,133,261,4820,236,939
MI_Kalamazoo,146,329,5025,243,957
MI_Kalkaska,127,148,4050,212,968
MI_Kent,141,267,4679,231,977
MI_Lake,133,185,4156,207,957
MI_Lapeer,123,246,4707,235,963
MI_Leelanau,127,156,4508,250,1123
MI_Lenawee,139,321,4952,235,931
MI_Livingston,125,250,4767,235,947
MI_Luce,119,74,3773,212,982
MI_Mackinac,121,39,3710,210,984
MI_Macomb,125,270,4796,236,974
MI_Manistee,131,145,4470,249,1132
MI_Marquette,127,108,3572,179,840
MI_Mason,136,170,4563,245,1095
MI_Mecosta,137,216,4351,217,974
MI_Menominee,132,144,4026,210,956
MI_Midland,128,285,4670,232,996
MI_Missaukee,129,170,4061,206,937
MI_Monroe,133,329,5047,243,952
MI_Montcalm,136,267,4597,226,967
MI_Montmorency,116,171,4072,211,963
MI_Muskegon,140,207,4608,236,1032
MI_Newaygo,139,225,4423,220,981
MI_Oakland,125,234,4754,237,960
MI_Oceana,136,194,4483,233,1053
MI_Ogemaw,125,182,4148,206,933
MI_Ontonagon,125,124,3861,207,990
MI_Osceola,134,174,4112,206,935
MI_Oscoda,116,185,4121,210,950
MI_Otsego,125,147,4035,211,957
MI_Ottawa,140,250,4813,245,1033
MI_Presque Isle,114,141,4214,229,1046
MI_Saginaw,127,289,4758,238,984
MI_Saint Clair,122,219,4675,237,978
MI_Saint Joseph,151,329,5023,240,930
MI_Sanilac,121,213,4579,234,981
MI_Schoolcraft,117,69,3871,219,1021
MI_Shiawassee,127,264,4729,233,950
MI_Tuscola,125,260,4704,240,997
MI_Van Buren,144,287,4985,245,978
MI_Washtenaw,131,285,4892,237,940
MI_Wayne,131,330,5158,254,984
MI_Wexford,130,157,4071,210,968
MN_Aitkin,152,168,3921,195,766
MN_Anoka,172,288,4485,213,819
MN_Becker,142,221,4015,195,730
MN_Beltrami,140,170,3784,188,731
MN_Benton,155,262,4268,203,764
MN_Big Stone,132,317,4408,205,721
MN_Blue Earth,161,342,4625,213,784
MN_Brown,156,334,4598,212,780
MN_Carlton,157,164,3839,190,791
MN_Carver,159,301,4554,216,805
MN_Cass,148,178,3936,195,758
MN_Chippewa,146,334,4522,209,751
MN_Chisago,161,271,4369,208,807
MN_Clay,134,288,4184,200,730
MN_Clearwater,138,176,3827,188,718
MN_Cook,149,57,3423,186,800
MN_Cottonwood,157,317,4531,208,768
MN_Crow Wing,151,201,4033,197,743
MN_Dakota,166,312,4615,217,819
MN_Dodge,174,288,4501,212,792
MN_Douglas,144,240,4216,203,708
MN_Faribault,169,322,4606,213,777
MN_Fillmore,176,264,4473,211,795
MN_Freeborn,174,287,4557,214,786
MN_Goodhue,174,303,4530,212,803
MN_Grant,136,289,4296,202,702
MN_Hennepin,161,288,4522,217,818
MN_Houston,177,262,4553,216,819
MN_Hubbard,145,171,3844,190,742
MN_Isanti,158,254,4295,207,795
MN_Itasca,147,145,3780,192,776
MN_Jackson,162,305,4523,208,762
MN_Kanabec,152,234,4145,199,770
MN_Kandiyohi,157,308,4474,210,751
MN_Kittson,122,219,3815,188,644
MN_Koochiching,139,139,3703,190,737
MN_Lac qui Parle,137,365,4551,207,740
MN_Lake,142,96,3469,178,755
MN_Lake of the Woods,136,161,3727,190,709
MN_Le Sueur,164,306,4568,214,795
MN_Lincoln,147,288,4391,204,746
MN_Lyon,149,325,4520,209,768
MN_Mahnomen,138,217,3979,194,717
MN_Marshall,123,232,3888,190,678
MN_Martin,164,314,4601,214,779
MN_McLeod,157,315,4543,214,783
MN_Meeker,158,309,4507,211,768
MN_Mille Lacs,157,257,4251,203,777
MN_Morrison,149,267,4243,202,750
MN_Mower,178,259,4476,213,783
MN_Murray,155,305,4477,206,762
MN_Nicollet,159,336,4622,214,789
MN_Nobles,158,314,4520,207,762
MN_Norman,133,276,4123,198,718
MN_Olmsted,174,281,4457,210,797
MN_Otter Tail,142,235,4134,200,701
MN_Pennington,131,218,3914,192,697
MN_Pine,158,206,4053,197,771
MN_Pipestone,152,296,4388,201,737
MN_Polk,129,237,3980,194,698
MN_Pope,145,274,4312,205,728
MN_Red Lake,133,217,3924,192,698
MN_Redwood,153,338,4569,211,769
MN_Renville,151,331,4556,212,770
MN_Rice,168,302,4556,213,802
MN_Rock,153,332,4532,205,749
MN_Roseau,129,178,3724,186,672
MN_Saint Louis,149,114,3646,187,799
MN_Scott,162,294,4544,213,799
MN_Sherburne,159,283,4381,209,796
MN_Sibley,157,329,4584,214,786
MN_Stearns,153,289,4377,207,756
MN_Steele,172,309,4582,214,788
MN_Stevens,139,283,4321,204,711
MN_Swift,143,315,4444,207,735
MN_Todd,148,247,4196,202,729
MN_Traverse,131,337,4406,204,711
MN_Wabasha,174,316,4557,213,822
MN_Wadena,147,194,3986,195,729
MN_Waseca,169,302,4559,213,783
MN_Washington,165,313,4599,217,834
MN_Watonwan,158,330,4608,212,775
MN_Wilkin,133,311,4274,201,686
MN_Winona,177,282,4507,213,819
MN_Wright,159,291,4472,213,797
MN_Yellow Medicine,144,344,4541,209,755
MO_Adair,188,545,5617,243,771
MO_Andrew,181,581,5645,241,739
MO_Audrain,183,634,5884,249,739
MO_Barry,205,630,6202,255,602
MO_Barton,218,719,6308,259,626
MO_Bates,206,710,6192,255,657
MO_Benton,200,655,6056,250,666
MO_Bollinger,202,688,6192,255,659
MO_Boone,181,607,5925,253,711
MO_Buchanan,184,624,5826,246,725
MO_Butler,210,801,6629,274,624
MO_Caldwell,189,577,5622,236,731
MO_Callaway,159,542,5744,245,679
MO_Camden,197,671,6216,258,646
MO_Cape Girardeau,203,741,6354,264,666
MO_Carroll,192,634,5857,247,736
MO_Carter,205,703,6197,248,609
MO_Cass,200,686,6089,254,687
MO_Cedar,209,710,6267,258,640
MO_Chariton,190,610,5846,248,744
MO_Christian,199,599,6058,252,630
MO_Clark,183,559,5612,247,806
MO_Clay,190,607,5827,246,721
MO_Clinton,188,577,5662,239,726
MO_Cole,194,663,6063,254,704
MO_Cooper,195,644,6014,254,713
MO_Crawford,192,639,5960,241,657
MO_Dade,211,702,6290,261,631
MO_Dallas,201,651,6189,258,643
MO_Daviess,185,566,5595,238,738
MO_DeKalb,187,555,5590,239,741
MO_Dent,195,644,6160,256,639
MO_Douglas,197,621,6116,253,627
MO_Dunklin,211,832,6781,283,613
MO_Franklin,190,675,6054,251,686
MO_Gasconade,192,639,5965,247,685
MO_Gentry,185,555,5538,238,747
MO_Greene,200,641,6172,258,639
MO_Grundy,189,581,5617,239,747
MO_Harrison,185,555,5533,238,752
MO_Henry,203,677,6074,251,673
MO_Hickory,198,674,6201,257,649
MO_Holt,183,585,5631,240,739
MO_Howard,193,630,5952,252,730
MO_Howell,199,643,6192,254,616
MO_Iron,197,620,6015,247,651
MO_Jackson,203,658,5991,251,707
MO_Jasper,218,727,6390,263,611
MO_Jefferson,185,673,6108,254,690
MO_Johnson,199,662,6014,252,700
MO_Knox,180,588,5737,246,764
MO_Laclede,193,660,6207,258,640
MO_Lafayette,147,468,5577,239,643
MO_Lawrence,211,660,6213,257,619
MO_Lewis,175,596,5785,250,775
MO_Lincoln,164,616,5872,249,715
MO_Linn,190,588,5735,244,748
MO_Livingston,191,604,5723,242,741
MO_Macon,188,605,5739,244,755
MO_Madison,201,640,5990,245,664
MO_Maries,193,629,6009,251,680
MO_Marion,176,602,5802,251,779
MO_McDonald,212,691,6423,262,568
MO_Mercer,183,483,5325,232,772
MO_Miller,197,672,6123,255,682
MO_Mississippi,210,773,6586,277,645
MO_Moniteau,195,663,6120,258,699
MO_Monroe,183,629,5862,250,748
MO_Montgomery,171,649,5944,250,712
MO_Morgan,200,648,6099,255,679
MO_New Madrid,209,798,6639,280,647
MO_Newton,217,693,6337,260,593
MO_Nodaway,182,541,5477,236,749
MO_Oregon,202,711,6329,254,591
MO_Osage,187,651,5977,249,693
MO_Ozark,198,676,6308,255,589
MO_Pemiscot,210,809,6793,287,614
MO_Perry,194,720,6234,257,677
MO_Pettis,197,649,6000,252,703
MO_Phelps,195,633,6027,250,666
MO_Pike,173,616,5817,248,754
MO_Platte,188,658,5953,250,713
MO_Polk,207,670,6204,257,638
MO_Pulaski,196,642,6140,252,636
MO_Putnam,187,486,5338,232,778
MO_Ralls,179,624,5841,250,762
MO_Randolph,191,625,5926,253,746
MO_Ray,195,624,5844,246,723
MO_Reynolds,201,618,6018,246,635
MO_Ripley,213,761,6424,257,603
MO_Saint Charles,181,678,6098,258,720
MO_Saint Clair,204,706,6204,255,649
MO_Saint Francois,191,632,6013,249,671
MO_Saint Louis,184,691,6160,261,722
MO_Sainte Genevieve,188,679,6110,253,681
MO_Saline,172,576,5793,247,700
MO_Schuyler,185,507,5432,238,786
MO_Scotland,179,542,5537,242,794
MO_Scott,205,758,6500,274,660
MO_Shannon,197,650,6136,250,621
MO_Shelby,181,606,5781,247,756
MO_Stoddard,210,786,6561,274,646
MO_Stone,201,629,6151,253,615
MO_Sullivan,189,545,5559,239,760
MO_Taney,194,670,6261,254,593
MO_Texas,195,617,6074,253,642
MO_Vernon,213,728,6281,258,637
MO_Warren,177,656,6003,253,720
MO_Washington,186,636,6000,247,670
MO_Wayne,205,717,6215,250,628
MO_Webster,197,626,6163,259,641
MO_Worth,178,525,5431,234,752
MO_Wright,195,618,6106,254,640
MS_Adams,253,867,7950,325,300
MS_Alcorn,235,768,6964,283,490
MS_Amite,256,813,7795,312,292
MS_Attala,236,794,7328,294,395
MS_Benton,235,743,6878,280,502
MS_Bolivar,230,887,7453,309,447
MS_Calhoun,240,785,7205,289,430
MS_Carroll,244,805,7328,296,408
MS_Chickasaw,242,775,7122,288,447
MS_Choctaw,234,790,7263,289,406
MS_Claiborne,243,854,7736,310,325
MS_Clarke,236,814,7573,300,336
MS_Clay,233,822,7321,296,415
MS_Coahoma,229,873,7349,305,474
MS_Copiah,243,851,7793,315,311
MS_Covington,235,808,7702,308,313
MS_DeSoto,238,829,7172,296,490
MS_Forrest,249,838,7817,308,290
MS_Franklin,244,835,7793,311,301
MS_George,266,821,7766,302,285
MS_Greene,256,827,7735,301,295
MS_Grenada,250,829,7311,294,431
MS_Hancock,282,753,8022,336,225
MS_Harrison,280,818,8160,333,216
MS_Hinds,240,862,7699,311,340
MS_Holmes,238,849,7497,304,393
MS_Humphreys,246,911,7659,313,396
MS_Issaquena,246,911,7682,314,389
MS_Itawamba,248,804,7189,291,439
MS_Jackson,275,770,7887,317,251
MS_Jasper,235,803,7504,297,346
MS_Jefferson,247,862,7826,316,316
MS_Jefferson Davis,242,811,7713,309,312
MS_Jones,234,821,7689,306,315
MS_Kemper,228,815,7456,299,372
MS_Lafayette,244,799,7108,286,461
MS_Lamar,245,843,7876,314,283
MS_Lauderdale,237,831,7570,302,345
MS_Lawrence,248,837,7767,310,304
MS_Leake,236,821,7446,296,368
MS_Lee,243,810,7171,291,452
MS_Leflore,245,880,7514,308,421
MS_Lincoln,246,825,7733,310,307
MS_Lowndes,235,844,7402,298,402
MS_Madison,237,852,7596,307,359
MS_Marion,245,850,7899,315,286
MS_Marshall,235,765,6952,285,501
MS_Monroe,235,817,7244,292,428
MS_Montgomery,240,748,7103,283,428
MS_Neshoba,232,800,7440,298,368
MS_Newton,234,806,7450,295,359
MS_Noxubee,229,851,7459,299,392
MS_Oktibbeha,233,829,7385,298,402
MS_Panola,241,820,7164,291,474
MS_Pearl River,254,831,7951,318,264
MS_Perry,248,819,7717,301,299
MS_Pike,254,822,7832,314,286
MS_Pontotoc,243,783,7109,289,459
MS_Prentiss,241,755,6992,287,485
MS_Quitman,235,864,7343,301,462
MS_Rankin,241,844,7656,307,335
MS_Scott,240,820,7513,299,351
MS_Sharkey,247,911,7674,313,390
MS_Simpson,240,821,7625,303,330
MS_Smith,238,817,7577,301,338
MS_Stone,264,826,7893,310,267
MS_Sunflower,238,895,7520,311,430
MS_Tallahatchie,243,865,7389,301,443
MS_Tate,235,795,7076,292,495
MS_Tippah,232,752,6898,281,503
MS_Tishomingo,249,698,6780,272,497
MS_Tunica,232,863,7254,301,495
MS_Union,239,769,7002,285,477
MS_Walthall,252,828,7876,315,281
MS_Warren,246,880,7742,313,349
MS_Washington,238,907,7610,313,408
MS_Wayne,238,821,7653,301,315
MS_Webster,235,789,7244,288,410
MS_Wilkinson,247,844,8028,328,273
MS_Winston,239,794,7361,298,393
MS_Yalobusha,244,802,7153,286,451
MS_Yazoo,241,856,7598,309,372
MT_Beaverhead,75,62,2989,145,861
MT_Big Horn,92,475,4566,194,779
MT_Blaine,93,300,3983,181,804
MT_Broadwater,76,252,3945,188,968
MT_Carbon,96,325,4329,197,836
MT_Carter,97,418,4330,187,771
MT_Cascade,94,277,4174,201,967
MT_Chouteau,89,349,4226,190,855
MT_Custer,92,503,4539,192,757
MT_Daniels,93,303,3873,177,729
MT_Dawson,90,396,4224,187,825
MT_Deer Lodge,71,109,3341,160,980
MT_Fallon,94,405,4289,188,776
MT_Fergus,97,333,4216,190,868
MT_Flathead,130,75,3268,180,1158
MT_Gallatin,87,251,3910,186,972
MT_Garfield,91,456,4478,197,825
MT_Glacier,97,120,3538,179,1022
MT_Golden Valley,87,368,4342,188,792
MT_Granite,74,150,3376,159,999
MT_Hill,81,329,4016,180,798
MT_Jefferson,76,219,3796,180,987
MT_Judith Basin,100,226,3942,184,936
MT_Lake,88,223,4032,227,1271
MT_Lewis and Clark,88,199,3791,185,1031
MT_Liberty,78,289,4002,182,847
MT_Lincoln,122,141,3518,189,1209
MT_Madison,81,158,3665,178,977
MT_McCone,90,435,4303,187,797
MT_Meagher,88,116,3321,158,966
MT_Mineral,201,72,3334,192,1287
MT_Missoula,91,203,3736,196,1155
MT_Musselshell,90,441,4551,198,789
MT_Park,87,140,3541,169,968
MT_Petroleum,90,455,4521,197,816
MT_Phillips,90,382,4143,184,773
MT_Pondera,87,225,3891,182,922
MT_Powder River,93,471,4457,187,767
MT_Powell,81,115,3233,153,992
MT_Prairie,85,432,4292,187,824
MT_Ravalli,94,161,3615,180,1013
MT_Richland,94,423,4278,187,788
MT_Roosevelt,96,398,4163,185,749
MT_Rosebud,90,486,4531,192,772
MT_Sanders,103,169,3747,209,1254
MT_Sheridan,95,324,3970,180,709
MT_Silver Bow,76,77,3166,154,951
MT_Stillwater,93,352,4381,199,842
MT_Sweet Grass,108,177,3834,179,910
MT_Teton,86,234,3996,189,947
MT_Toole,83,259,3938,182,885
MT_Treasure,88,495,4570,193,753
MT_Valley,91,350,4051,183,754
MT_Wheatland,91,230,3887,174,875
MT_Wibaux,93,381,4201,188,843
MT_Yellowstone,88,456,4591,200,784
NC_Alamance,174,602,6589,277,533
NC_Alexander,191,491,6346,272,550
NC_Alleghany,165,136,5252,233,697
NC_Anson,185,730,7152,294,420
NC_Ashe,169,74,5086,231,704
NC_Beaufort,201,589,7043,304,432
NC_Bertie,187,597,6863,298,473
NC_Bladen,199,660,7140,293,398
NC_Brunswick,238,591,7170,298,355
NC_Buncombe,155,261,5849,253,569
NC_Burke,184,548,6499,273,510
NC_Cabarrus,177,648,6792,281,480
NC_Caldwell,186,454,6288,269,547
NC_Camden,188,548,6866,309,468
NC_Carteret,230,530,7225,321,349
NC_Caswell,171,621,6508,271,555
NC_Catawba,174,549,6569,278,516
NC_Chatham,178,592,6678,281,504
NC_Cherokee,205,370,6076,252,515
NC_Chowan,190,583,6970,306,454
NC_Cleveland,183,579,6638,278,486
NC_Columbus,201,672,7154,290,386
NC_Craven,207,638,7138,301,399
NC_Cumberland,188,677,7073,292,428
NC_Currituck,183,465,6876,319,448
NC_Davidson,168,595,6642,279,512
NC_Davie,169,581,6552,273,518
NC_Duplin,207,655,7065,294,419
NC_Durham,172,586,6536,272,534
NC_Edgecombe,178,646,6823,286,483
NC_Forsyth,172,516,6394,274,563
NC_Franklin,177,624,6596,270,511
NC_Gaston,176,584,6687,283,490
NC_Gates,185,571,6627,286,525
NC_Granville,167,602,6484,270,548
NC_Greene,197,684,7051,297,437
NC_Guilford,171,565,6517,277,547
NC_Halifax,175,629,6689,281,512
NC_Harnett,182,640,6896,287,467
NC_Haywood,167,98,5294,234,618
NC_Henderson,229,261,5975,264,568
NC_Hertford,180,573,6677,288,508
NC_Hoke,187,699,7043,285,425
NC_Hyde,200,556,7135,311,397
NC_Iredell,172,551,6493,273,524
NC_Johnston,184,647,6884,289,470
NC_Jones,210,627,7065,295,412
NC_Lenoir,202,662,7061,298,428
NC_Lincoln,175,566,6624,281,503
NC_Macon,247,39,5235,249,665
NC_Martin,191,625,6874,293,472
NC_Mecklenburg,168,618,6768,285,486
NC_Montgomery,182,632,6811,286,479
NC_Moore,184,655,6892,287,466
NC_Nash,176,621,6720,281,497
NC_New Hanover,249,601,7228,306,362
NC_Northampton,176,636,6671,280,514
NC_Onslow,220,633,7195,298,375
NC_Orange,174,583,6536,273,537
NC_Pamlico,215,584,7188,307,385
NC_Pasquotank,188,555,6869,307,467
NC_Pender,228,647,7184,296,376
NC_Perquimans,190,561,6889,304,466
NC_Person,171,570,6402,267,558
NC_Pitt,195,651,6962,293,454
NC_Polk,206,621,6689,276,464
NC_Randolph,174,603,6693,282,503
NC_Richmond,190,655,6922,290,462
NC_Robeson,191,697,7132,292,411
NC_Rockingham,173,543,6360,270,572
NC_Rowan,168,595,6606,275,506
NC_Rutherford,199,554,6526,272,487
NC_Sampson,193,655,7030,294,436
NC_Scotland,193,708,7075,289,426
NC_Stanly,184,653,6863,287,468
NC_Stokes,179,456,6168,265,595
NC_Surry,178,421,6044,255,596
NC_Swain,224,127,5440,238,615
NC_Transylvania,269,200,5752,250,563
NC_Tyrrell,200,570,7019,305,426
NC_Union,182,671,6983,292,446
NC_Vance,169,595,6442,266,551
NC_Wake,176,621,6736,281,503
NC_Warren,170,602,6487,269,543
NC_Washington,201,596,7014,305,435
NC_Watauga,186,41,4906,229,705
NC_Wayne,193,672,7036,298,447
NC_Wilkes,192,329,5856,249,622
NC_Wilson,184,642,6857,289,477
NC_Yadkin,172,524,6356,268,553
NC_Yancey,171,125,5471,243,611
ND_Adams,107,378,4229,186,728
ND_Barnes,121,294,4068,190,712
ND_Benson,116,249,3882,185,688
ND_Billings,98,375,4189,187,805
ND_Bottineau,110,240,3773,178,644
ND_Bowman,99,374,4208,185,749
ND_Burke,102,231,3726,176,681
ND_Burleigh,111,329,4109,188,733
ND_Cass,127,309,4170,197,715
ND_Cavalier,118,160,3572,177,611
ND_Dickey,125,340,4233,192,681
ND_Divide,98,261,3815,178,692
ND_Dunn,104,345,4112,185,773
ND_Eddy,119,266,3950,188,697
ND_Emmons,111,358,4192,188,685
ND_Foster,121,272,3990,188,706
ND_Golden Valley,93,375,4192,187,826
ND_Grand Forks,122,256,3982,193,687
ND_Grant,109,366,4200,187,721
ND_Griggs,123,262,3971,189,694
ND_Hettinger,105,366,4190,185,728
ND_Kidder,116,311,4044,186,713
ND_LaMoure,121,317,4162,191,681
ND_Logan,117,300,4044,185,672
ND_McHenry,113,289,3933,183,684
ND_McIntosh,119,300,4053,185,678
ND_McKenzie,98,375,4155,186,775
ND_McLean,110,301,4007,186,728
ND_Mercer,107,336,4094,186,747
ND_Morton,109,361,4169,187,754
ND_Mountrail,103,266,3833,177,709
ND_Nelson,120,245,3883,186,669
ND_Oliver,109,344,4123,187,761
ND_Pembina,120,221,3830,189,649
ND_Pierce,114,272,3896,183,676
ND_Ramsey,117,209,3771,184,657
ND_Ransom,123,329,4224,194,675
ND_Renville,105,243,3806,180,677
ND_Richland,128,329,4285,199,682
ND_Rolette,116,181,3624,175,647
ND_Sargent,125,334,4272,195,677
ND_Sheridan,112,313,4071,189,729
ND_Sioux,106,405,4347,192,721
ND_Slope,98,365,4197,187,757
ND_Stark,105,344,4146,187,796
ND_Steele,124,264,4000,190,691
ND_Stutsman,119,302,4073,189,718
ND_Towner,115,194,3662,178,639
ND_Traill,123,291,4111,198,710
ND_Walsh,122,249,3927,191,665
ND_Ward,109,264,3898,184,716
ND_Wells,113,292,4015,188,716
ND_Williams,95,295,3893,178,709
NE_Adams,152,562,5331,222,710
NE_Antelope,152,483,5027,213,741
NE_Arthur,115,511,4948,201,706
NE_Banner,93,448,4666,189,728
NE_Blaine,137,498,4904,201,706
NE_Boone,152,482,5029,211,730
NE_Box Butte,99,455,4658,195,752
NE_Boyd,141,530,5021,213,744
NE_Brown,136,502,5004,215,744
NE_Buffalo,145,521,5180,213,701
NE_Burt,170,512,5178,223,763
NE_Butler,163,532,5270,223,741
NE_Cass,172,541,5398,230,746
NE_Cedar,155,479,5047,217,755
NE_Chase,110,590,5219,208,669
NE_Cherry,121,492,4776,199,733
NE_Cheyenne,107,504,4824,195,709
NE_Clay,159,546,5346,225,719
NE_Colfax,167,503,5154,221,754
NE_Cuming,166,489,5065,217,753
NE_Custer,139,484,4942,202,696
NE_Dakota,157,476,5061,219,765
NE_Dawes,105,494,4713,194,744
NE_Dawson,132,518,5127,209,687
NE_Deuel,104,561,5061,201,686
NE_Dixon,157,469,4998,215,751
NE_Dodge,170,529,5258,226,762
NE_Douglas,166,514,5321,230,764
NE_Dundy,111,663,5417,209,637
NE_Fillmore,160,562,5407,228,718
NE_Franklin,149,621,5408,217,676
NE_Frontier,124,581,5181,205,664
NE_Furnas,133,685,5528,214,638
NE_Gage,171,624,5606,235,711
NE_Garden,105,529,4969,200,696
NE_Garfield,142,466,4879,202,714
NE_Gosper,134,504,5135,210,683
NE_Grant,116,458,4719,194,728
NE_Greeley,148,493,5031,209,712
NE_Hall,150,539,5284,221,715
NE_Hamilton,157,540,5339,225,720
NE_Harlan,139,657,5486,219,666
NE_Hayes,121,569,5166,208,678
NE_Hitchcock,121,641,5367,210,648
NE_Holt,141,507,5011,213,748
NE_Howard,149,527,5217,217,713
NE_Jefferson,170,634,5601,232,702
NE_Kearney,150,583,5361,220,691
NE_Keith,112,556,5097,206,693
NE_Keya Paha,139,501,4943,212,748
NE_Kimball,94,432,4616,187,728
NE_Knox,152,518,5107,217,752
NE_Lancaster,165,583,5465,230,733
NE_Lincoln,121,525,5028,203,686
NE_Logan,137,518,4934,199,694
NE_Loup,140,487,4933,203,710
NE_Madison,158,480,5047,216,745
NE_McPherson,133,495,4874,199,708
NE_Merrick,154,551,5381,227,726
NE_Morrill,98,555,4963,197,700
NE_Nance,155,528,5248,221,729
NE_Nemaha,173,618,5643,238,727
NE_Nuckolls,157,630,5543,228,685
NE_Otoe,170,574,5461,230,732
NE_Pawnee,173,631,5663,237,710
NE_Perkins,114,566,5122,205,676
NE_Phelps,138,523,5208,214,692
NE_Pierce,155,498,5071,216,747
NE_Platte,162,517,5190,221,743
NE_Polk,159,547,5331,225,734
NE_Red Willow,127,647,5411,212,645
NE_Richardson,177,633,5694,238,718
NE_Rock,139,500,4962,212,746
NE_Saline,163,589,5520,232,721
NE_Sarpy,169,537,5397,232,757
NE_Saunders,170,541,5304,225,752
NE_Scotts Bluff,90,533,4843,193,713
NE_Seward,161,570,5433,228,727
NE_Sheridan,108,477,4639,190,735
NE_Sherman,147,502,5085,209,703
NE_Sioux,93,482,4615,185,735
NE_Stanton,163,484,5076,217,747
NE_Thayer,165,623,5557,230,697
NE_Thurston,165,513,5121,219,759
NE_Valley,142,489,4987,206,705
NE_Washington,167,503,5255,228,766
NE_Wayne,158,467,5013,215,750
NE_Webster,152,624,5418,219,684
NE_Wheeler,145,489,4943,206,722
NE_York,159,565,5393,227,727
NH_Cheshire,155,138,4328,214,922
NH_Coos,143,23,3581,196,811
NH_Grafton,140,93,4005,205,897
NH_Hillsborough,164,245,4711,229,945
NH_Merrimack,160,163,4409,218,941
NH_Strafford,162,229,4722,237,958
NH_Sullivan,158,131,4354,220,946
NJ_Atlantic,164,417,5716,263,763
NJ_Burlington,179,435,5792,271,781
NJ_Camden,169,455,5833,271,759
NJ_Cumberland,163,421,5895,282,765
NJ_Gloucester,169,473,6011,289,809
NJ_Hunterdon,185,355,5348,249,843
NJ_Mercer,184,378,5480,257,833
NJ_Monmouth,170,341,5604,270,791
NJ_Morris,194,212,4974,236,856
NJ_Salem,169,467,5963,283,784
NJ_Somerset,184,369,5422,255,843
NJ_Sussex,179,217,4903,236,897
NJ_Warren,180,249,5023,237,865
NM_Catron,94,238,4686,188,607
NM_Chaves,96,748,6733,258,398
NM_Cibola,103,182,4643,202,719
NM_Colfax,103,90,4374,191,715
NM_Curry,110,661,6339,250,476
NM_DeBaca,87,789,6656,252,415
NM_Dona Ana,77,834,7106,280,347
NM_Eddy,99,817,7076,272,364
NM_Grant,107,516,6114,253,440
NM_Guadalupe,89,575,5971,238,506
NM_Harding,96,561,5812,231,541
NM_Hidalgo,93,752,6832,269,352
NM_Lea,110,740,6717,257,410
NM_Lincoln,96,477,5976,241,459
NM_Los Alamos,124,8,3919,201,993
NM_Luna,81,822,7012,274,351
NM_McKinley,56,481,5169,208,661
NM_Mora,111,229,4800,196,605
NM_Otero,82,810,6986,270,362
NM_Quay,107,667,6233,247,495
NM_Rio Arriba,78,130,4247,190,792
NM_Roosevelt,108,699,6460,249,449
NM_San Juan,48,666,5562,227,677
NM_San Miguel,105,309,5042,207,574
NM_Sandoval,109,21,3904,198,886
NM_Santa Fe,81,368,5097,213,681
NM_Sierra,81,743,6683,265,391
NM_Socorro,86,540,5777,229,506
NM_Taos,76,55,3761,172,824
NM_Torrance,94,383,5195,212,608
NM_Union,95,533,5655,224,563
NM_Valencia,65,690,6071,236,507
NV_Carson City,102,353,4739,212,757
NV_Churchill,39,686,5482,231,687
NV_Clark,55,1118,8190,350,301
NV_Douglas,101,144,4172,185,739
NV_Elko,77,264,3953,173,949
NV_Eureka,66,426,4479,195,903
NV_Humboldt,66,474,4726,209,874
NV_Lander,59,474,4637,197,823
NV_Lincoln,76,870,6870,324,474
NV_Lyon,38,567,5173,212,635
NV_Mineral,0,6,24,24,12
NV_Nye,59,568,5124,211,683
NV_Pershing,57,578,5096,222,799
NV_Washoe,77,368,4725,214,869
NV_White Pine,67,242,4024,170,875
NY_,127,120,4436,234,975
NY_Albany,144,189,4647,231,964
NY_Allegany,135,85,4204,209,883
NY_Broome,136,122,4462,224,921
NY_Cattaraugus,139,85,4221,212,882
NY_Cayuga,125,171,4697,239,981
NY_Chautauqua,150,113,4545,233,942
NY_Chemung,134,164,4533,222,937
NY_Chenango,140,111,4350,217,911
NY_Clinton,120,155,4401,228,944
NY_Columbia,153,226,4736,229,924
NY_Cortland,138,98,4325,221,915
NY_Delaware,148,66,4100,202,864
NY_Dutchess,162,223,4765,227,902
NY_Erie,130,129,4601,237,974
NY_Essex,118,173,4437,225,943
NY_Franklin,132,108,4225,220,883
NY_Genesee,122,180,4732,239,971
NY_Herkimer,144,108,4316,220,946
NY_Jefferson,133,106,4372,227,955
NY_Lewis,154,58,3983,209,869
NY_Livingston,118,168,4622,232,951
NY_Madison,134,107,4342,221,914
NY_Monroe,115,201,4853,250,1023
NY_Montgomery,135,180,4588,229,960
NY_Niagara,119,188,4856,254,1053
NY_Oneida,141,118,4366,223,937
NY_Onondaga,129,138,4540,233,953
NY_Ontario,119,169,4699,240,990
NY_Orange,166,278,5102,245,898
NY_Orleans,117,210,4909,254,1032
NY_Oswego,138,129,4534,236,980
NY_Otsego,142,86,4251,214,924
NY_Putnam,179,241,5125,255,935
NY_Rensselaer,145,171,4566,227,958
NY_Saint Lawrence,126,134,4322,223,918
NY_Saratoga,147,177,4541,224,965
NY_Schenectady,146,155,4529,226,981
NY_Schoharie,136,111,4362,219,932
NY_Schuyler,127,148,4514,224,946
NY_Seneca,121,200,4816,243,989
NY_Steuben,129,113,4326,212,903
NY_Suffolk,177,65,5288,282,862
NY_Sullivan,177,125,4576,229,898
NY_Tioga,137,144,4498,223,932
NY_Tompkins,130,146,4576,233,956
NY_Ulster,171,215,4858,235,879
NY_Washington,138,194,4540,225,963
NY_Wayne,122,209,4873,251,1031
NY_Westchester,185,274,5355,269,935
NY_Wyoming,128,108,4391,224,914
NY_Yates,119,164,4656,234,970
OH_Adams,162,385,5640,248,740
OH_Allen,143,351,5257,245,877
OH_Ashland,151,260,4988,236,870
OH_Ashtabula,147,191,4856,245,940
OH_Athens,150,366,5414,234,777
OH_Auglaize,147,352,5290,245,867
OH_Belmont,153,252,5200,240,834
OH_Brown,170,374,5608,249,760
OH_Butler,173,463,5632,249,797
OH_Carroll,145,277,5118,240,874
OH_Champaign,158,334,5237,239,836
OH_Clark,161,323,5247,239,828
OH_Clermont,174,413,5693,253,775
OH_Clinton,163,345,5490,250,824
OH_Columbiana,141,266,5047,238,884
OH_Coshocton,150,282,5168,238,859
OH_Crawford,151,302,5077,239,882
OH_Cuyahoga,146,213,4940,247,920
OH_Darke,155,344,5251,240,850
OH_Defiance,148,378,5111,237,904
OH_Delaware,149,340,5247,240,841
OH_Erie,138,251,5195,260,968
OH_Fairfield,156,325,5301,240,835
OH_Fayette,157,340,5496,252,833
OH_Franklin,153,336,5343,244,838
OH_Fulton,143,345,5061,239,921
OH_Gallia,150,450,5725,244,733
OH_Geauga,150,194,4826,241,918
OH_Greene,161,352,5502,252,828
OH_Guernsey,148,307,5326,243,841
OH_Hamilton,184,504,5830,256,770
OH_Hancock,142,336,5202,246,896
OH_Hardin,141,347,5226,242,859
OH_Harrison,148,273,5265,245,845
OH_Henry,143,359,5117,240,907
OH_Highland,166,345,5567,251,798
OH_Hocking,154,348,5384,237,799
OH_Holmes,148,255,5025,235,870
OH_Huron,144,267,5054,244,911
OH_Jackson,151,387,5539,239,761
OH_Jefferson,143,273,5252,247,864
OH_Knox,153,257,4966,229,844
OH_Lake,149,226,5126,259,950
OH_Lawrence,156,434,5670,238,724
OH_Licking,155,295,5182,237,841
OH_Logan,150,320,5229,242,847
OH_Lorain,141,292,5125,247,906
OH_Lucas,135,337,5139,247,948
OH_Madison,153,374,5397,243,829
OH_Mahoning,140,263,5007,238,880
OH_Marion,145,327,5186,241,870
OH_Medina,142,273,5077,244,891
OH_Meigs,121,307,5324,228,692
OH_Mercer,149,368,5314,245,865
OH_Miami,159,361,5345,243,830
OH_Monroe,146,269,5230,237,811
OH_Montgomery,168,416,5529,247,814
OH_Morrow,149,260,4994,234,860
OH_Muskingum,149,300,5288,240,833
OH_Noble,146,307,5293,236,807
OH_Ottawa,136,331,5280,257,959
OH_Paulding,148,372,5133,237,894
OH_Perry,158,310,5261,239,835
OH_Pickaway,154,389,5514,247,821
OH_Pike,110,234,5182,224,665
OH_Portage,146,233,5017,245,896
OH_Preble,170,385,5371,239,814
OH_Putnam,144,356,5179,242,893
OH_Richland,155,250,4993,238,874
OH_Ross,153,376,5529,246,800
OH_Sandusky,140,324,5123,244,925
OH_Scioto,153,439,5715,246,744
OH_Seneca,146,332,5158,244,905
OH_Shelby,155,337,5219,240,853
OH_Stark,146,262,5111,244,888
OH_Trumbull,141,262,4994,242,900
OH_Tuscarawas,147,279,5145,240,871
OH_Union,147,353,5301,243,842
OH_Van Wert,147,379,5241,242,878
OH_Vinton,157,342,5356,232,780
OH_Warren,169,415,5612,253,809
OH_Washington,154,402,5589,245,774
OH_Wayne,145,255,5041,241,884
OH_Williams,146,361,5037,234,905
OH_Wood,139,351,5141,243,918
OH_Wyandot,148,349,5208,244,889
OK_Adair,224,728,6700,274,530
OK_Alfalfa,169,896,6724,261,552
OK_Atoka,212,880,7316,294,437
OK_Beaver,114,803,6300,242,550
OK_Beckham,153,857,6878,266,487
OK_Blaine,168,883,6889,271,519
OK_Bryan,215,897,7439,297,417
OK_Caddo,175,880,6981,275,495
OK_Canadian,187,866,6971,278,503
OK_Carter,202,915,7570,302,398
OK_Cherokee,225,790,6894,279,507
OK_Choctaw,220,890,7460,296,405
OK_Cimarron,102,712,6018,232,542
OK_Cleveland,201,862,7120,283,476
OK_Coal,213,875,7298,293,440
OK_Comanche,179,903,7183,281,457
OK_Cotton,177,948,7436,287,419
OK_Craig,223,784,6608,266,565
OK_Creek,205,852,7039,280,488
OK_Custer,164,865,6816,266,511
OK_Delaware,218,789,6761,273,532
OK_Dewey,160,841,6637,259,533
OK_Ellis,134,783,6406,249,546
OK_Garfield,185,894,6830,268,541
OK_Garvin,201,879,7181,282,453
OK_Grady,189,877,7113,281,474
OK_Grant,180,891,6749,265,554
OK_Greer,165,910,7095,274,469
OK_Harmon,152,948,7275,276,435
OK_Harper,130,859,6571,250,533
OK_Haskell,219,874,7232,288,458
OK_Hughes,211,870,7222,290,460
OK_Jackson,162,954,7349,282,433
OK_Jefferson,186,931,7482,291,409
OK_Johnston,211,887,7375,295,427
OK_Kay,200,866,6751,267,555
OK_Kingfisher,185,902,6943,272,522
OK_Kiowa,168,909,7085,276,475
OK_Latimer,225,848,7165,287,456
OK_Le Flore,220,868,7196,285,453
OK_Lincoln,198,859,7069,281,486
OK_Logan,189,889,6994,275,510
OK_Love,194,907,7490,295,407
OK_Major,166,901,6815,265,539
OK_Marshall,213,906,7472,299,415
OK_Mayes,216,827,6877,276,521
OK_McClain,202,864,7125,283,470
OK_McCurtain,240,848,7284,287,422
OK_McIntosh,217,865,7199,290,473
OK_Murray,206,895,7332,290,428
OK_Muskogee,220,861,7108,285,491
OK_Noble,193,882,6882,271,529
OK_Nowata,217,802,6620,263,563
OK_Okfuskee,210,863,7146,286,475
OK_Oklahoma,192,871,7069,281,491
OK_Okmulgee,212,851,7067,283,488
OK_Osage,209,844,6863,273,521
OK_Ottawa,222,780,6615,267,564
OK_Pawnee,206,852,6914,274,515
OK_Payne,197,857,6950,276,510
OK_Pittsburg,213,864,7238,290,454
OK_Pontotoc,207,871,7233,288,453
OK_Pottawatomie,201,863,7151,285,468
OK_Pushmataha,230,850,7208,286,436
OK_Roger Mills,147,818,6615,258,525
OK_Rogers,213,821,6836,275,527
OK_Seminole,209,877,7232,288,456
OK_Sequoyah,222,836,7081,285,486
OK_Stephens,194,890,7266,285,440
OK_Texas,103,774,6188,239,550
OK_Tillman,169,951,7386,285,430
OK_Tulsa,208,844,6917,277,518
OK_Wagoner,215,853,7027,282,505
OK_Washington,209,821,6710,266,546
OK_Washita,170,890,6964,272,493
OK_Woods,155,876,6639,254,544
OK_Woodward,149,840,6569,253,538
OR_Baker,100,265,4059,200,1053
OR_Benton,313,118,5088,328,674
OR_Clackamas,275,128,5235,336,662
OR_Clatsop,796,7,4474,327,848
OR_Columbia,315,69,4921,326,743
OR_Coos,430,12,5101,348,536
OR_Crook,65,268,4128,190,968
OR_Curry,606,17,5358,358,479
OR_Deschutes,95,242,3848,173,992
OR_Douglas,287,168,5161,327,697
OR_Gilliam,67,359,4844,271,935
OR_Grant,85,250,4099,204,1025
OR_Harney,67,327,4204,189,958
OR_Hood River,259,144,4369,275,1115
OR_Jackson,166,341,5095,273,770
OR_Jefferson,69,299,4445,223,947
OR_Josephine,282,366,5326,304,707
OR_Klamath,92,236,4025,178,997
OR_Lake,69,257,3953,170,967
OR_Lane,289,140,5108,332,697
OR_Lincoln,572,0,4771,346,636
OR_Linn,271,141,5162,332,666
OR_Malheur,65,504,4761,222,929
OR_Marion,272,128,5168,331,658
OR_Morrow,57,468,5271,283,841
OR_Multnomah,275,131,5282,336,658
OR_Polk,301,143,5124,329,676
OR_Sherman,72,344,4849,276,964
OR_Tillamook,630,1,4497,337,785
OR_Umatilla,88,392,5037,278,907
OR_Union,100,269,4209,223,1063
OR_Wallowa,94,211,3882,195,1069
OR_Wasco,89,334,4748,267,981
OR_Washington,278,111,5081,327,701
OR_Wheeler,80,259,4312,226,1028
OR_Yamhill,295,140,5145,329,672
PA_,140,111,5080,270,1050
PA_Adams,160,386,5478,251,834
PA_Allegheny,133,303,5353,248,844
PA_Armstrong,143,249,4974,231,881
PA_Beaver,136,271,5227,248,895
PA_Bedford,142,210,4947,233,882
PA_Berks,176,335,5340,252,866
PA_Blair,141,186,4934,240,912
PA_Bradford,137,143,4530,221,922
PA_Bucks,182,367,5407,253,846
PA_Butler,141,231,4902,230,888
PA_Cambria,148,126,4616,222,868
PA_Carbon,184,235,4898,232,890
PA_Centre,150,185,4819,234,920
PA_Chester,179,372,5495,255,835
PA_Clarion,153,191,4745,226,902
PA_Clearfield,144,131,4603,225,903
PA_Clinton,148,217,4789,228,915
PA_Columbia,160,225,4868,232,917
PA_Crawford,151,149,4559,226,910
PA_Cumberland,160,385,5475,256,876
PA_Dauphin,161,340,5360,252,893
PA_Elk,145,85,4302,212,883
PA_Erie,151,113,4718,244,965
PA_Fayette,144,244,5222,239,830
PA_Franklin,153,379,5428,249,853
PA_Fulton,145,281,5166,240,881
PA_Greene,142,252,5193,236,821
PA_Huntingdon,144,240,5046,241,911
PA_Indiana,151,168,4802,228,886
PA_Jefferson,149,129,4614,226,905
PA_Juniata,158,310,5208,245,904
PA_Lancaster,169,379,5536,258,847
PA_Lawrence,138,253,4979,235,884
PA_Lebanon,171,327,5363,253,879
PA_Lehigh,180,311,5203,245,880
PA_Luzerne,158,276,5043,239,913
PA_Lycoming,150,206,4795,231,928
PA_McKean,142,90,4246,208,890
PA_Mercer,143,222,4822,230,891
PA_Mifflin,150,264,5087,242,919
PA_Monroe,184,209,4821,229,893
PA_Montgomery,174,420,5576,260,835
PA_Montour,155,278,5021,236,914
PA_Northampton,178,282,5121,241,878
PA_Northumberland,159,269,5025,237,914
PA_Perry,159,309,5250,247,899
PA_Potter,139,71,4195,210,876
PA_Schuylkill,178,213,4925,237,911
PA_Snyder,164,301,5100,237,902
PA_Somerset,142,68,4468,215,821
PA_Sullivan,170,71,4344,222,913
PA_Susquehanna,146,117,4449,219,920
PA_Tioga,136,110,4365,214,903
PA_Union,157,312,5115,238,903
PA_Venango,153,167,4618,223,904
PA_Warren,148,112,4359,217,898
PA_Washington,139,247,5188,244,869
PA_Wayne,155,101,4349,213,890
PA_Westmoreland,141,243,5103,234,836
PA_Wyoming,137,173,4738,231,935
PA_York,162,397,5595,260,838
RI_Kent,180,161,4881,246,917
RI_Newport,180,111,5158,276,933
RI_Providence,180,178,4854,240,911
RI_Washington,186,153,5030,258,916
SC_Abbeville,186,696,7002,286,425
SC_Aiken,197,780,7335,294,367
SC_Allendale,192,801,7580,300,319
SC_Anderson,193,665,6982,292,431
SC_Bamberg,195,782,7598,308,318
SC_Barnwell,194,801,7565,304,328
SC_Beaufort,215,775,7892,329,258
SC_Berkeley,215,751,7566,307,308
SC_Calhoun,190,769,7452,302,352
SC_Cherokee,184,603,6687,276,472
SC_Chester,179,689,6973,286,435
SC_Chesterfield,189,705,7137,295,415
SC_Clarendon,194,781,7422,298,352
SC_Colleton,201,779,7634,306,300
SC_Darlington,192,738,7254,294,390
SC_Dillon,189,717,7206,294,400
SC_Dorchester,209,764,7567,304,312
SC_Edgefield,194,763,7163,286,393
SC_Fairfield,183,740,7113,286,409
SC_Florence,194,749,7358,297,368
SC_Georgetown,215,712,7464,308,327
SC_Greenville,207,595,6827,289,449
SC_Greenwood,184,718,7013,283,420
SC_Hampton,197,810,7748,310,290
SC_Horry,208,686,7250,296,368
SC_Jasper,208,791,7744,308,277
SC_Kershaw,183,702,7143,295,409
SC_Lancaster,181,673,7067,298,433
SC_Laurens,184,686,6903,279,435
SC_Lee,186,725,7225,294,394
SC_Lexington,195,768,7326,298,375
SC_Marion,197,757,7329,297,374
SC_Marlboro,191,727,7186,293,406
SC_McCormick,190,735,7088,285,408
SC_Newberry,193,768,7160,287,398
SC_Oconee,227,549,6701,282,450
SC_Orangeburg,197,781,7543,304,328
SC_Pickens,216,586,6814,291,453
SC_Richland,187,736,7259,296,383
SC_Saluda,191,778,7170,286,398
SC_Spartanburg,190,643,6777,278,451
SC_Sumter,191,741,7337,298,371
SC_Union,181,680,6842,274,440
SC_Williamsburg,201,756,7359,293,353
SC_York,177,642,6864,287,459
SD_Aurora,139,513,4907,212,742
SD_Beadle,133,432,4634,205,722
SD_Bennett,120,503,4773,197,726
SD_Bon Homme,142,527,5076,218,751
SD_Brookings,145,290,4344,199,730
SD_Brown,126,370,4365,196,686
SD_Brule,140,527,4876,208,736
SD_Buffalo,126,507,4761,203,709
SD_Butte,104,461,4530,192,746
SD_Campbell,111,398,4360,194,706
SD_Charles Mix,141,549,5052,215,746
SD_Clark,134,331,4366,199,706
SD_Clay,151,490,5010,215,745
SD_Codington,135,290,4286,198,715
SD_Corson,106,417,4394,194,724
SD_Custer,123,240,4180,184,796
SD_Davison,141,492,4899,213,745
SD_Day,127,321,4336,199,702
SD_Deuel,139,287,4345,200,724
SD_Dewey,112,455,4542,200,746
SD_Douglas,141,539,5037,215,747
SD_Edmunds,122,377,4338,193,695
SD_Fall River,104,554,4753,191,725
SD_Faulk,123,416,4465,197,704
SD_Grant,134,317,4363,200,718
SD_Gregory,147,527,4961,210,739
SD_Haakon,114,538,4797,203,742
SD_Hamlin,140,306,4327,197,713
SD_Hand,126,454,4596,200,715
SD_Hanson,143,495,4932,214,745
SD_Harding,101,408,4292,185,741
SD_Hughes,119,527,4741,202,724
SD_Hutchinson,145,499,4958,214,744
SD_Hyde,121,473,4581,198,712
SD_Jackson,115,582,4981,205,727
SD_Jerauld,137,476,4795,210,734
SD_Jones,119,566,4920,206,731
SD_Kingsbury,141,366,4534,205,730
SD_Lake,148,326,4481,204,738
SD_Lincoln,146,409,4777,211,748
SD_Lyman,126,565,4890,204,723
SD_Marshall,127,344,4354,199,690
SD_McCook,148,416,4706,209,742
SD_McPherson,119,355,4260,191,688
SD_Meade,112,487,4650,197,745
SD_Mellette,121,558,4958,207,728
SD_Miner,142,416,4671,207,733
SD_Minnehaha,149,358,4580,206,747
SD_Moody,148,305,4411,201,735
SD_Pennington,112,484,4746,200,749
SD_Perkins,106,434,4377,189,727
SD_Potter,117,436,4506,198,723
SD_Roberts,129,326,4363,201,706
SD_Sanborn,139,473,4782,208,727
SD_Shannon,113,542,4823,197,733
SD_Spink,129,408,4458,197,691
SD_Stanley,114,545,4827,206,744
SD_Sully,118,509,4689,202,725
SD_Todd,127,503,4843,204,735
SD_Tripp,137,556,5021,212,735
SD_Turner,148,440,4826,212,743
SD_Union,153,458,4945,215,755
SD_Walworth,112,389,4376,196,717
SD_Yankton,149,479,4952,215,749
SD_Ziebach,112,486,4578,199,744
TN_Anderson,195,545,6360,269,583
TN_Bedford,220,644,6605,274,537
TN_Benton,225,726,6637,271,560
TN_Bledsoe,214,412,6204,270,592
TN_Blount,184,539,6454,273,548
TN_Bradley,208,582,6520,273,518
TN_Campbell,186,402,5919,250,625
TN_Cannon,214,591,6394,264,556
TN_Carroll,227,719,6621,273,577
TN_Carter,159,388,6070,262,596
TN_Cheatham,209,652,6442,265,580
TN_Chester,227,745,6817,279,534
TN_Claiborne,183,404,5842,243,625
TN_Clay,203,589,6394,271,596
TN_Cocke,157,486,6255,264,570
TN_Coffee,220,547,6473,273,544
TN_Crockett,223,777,6833,288,577
TN_Cumberland,213,319,5900,259,637
TN_Davidson,204,675,6570,275,573
TN_Decatur,228,722,6681,270,538
TN_DeKalb,205,594,6397,266,572
TN_Dickson,221,655,6513,269,569
TN_Dyer,219,786,6790,286,600
TN_Fayette,229,793,7010,290,511
TN_Fentress,203,333,5949,260,629
TN_Franklin,217,560,6595,280,526
TN_Gibson,226,757,6711,279,587
TN_Giles,230,639,6582,271,534
TN_Grainger,172,446,6068,255,609
TN_Greene,159,444,6148,260,580
TN_Grundy,229,367,6193,272,596
TN_Hamblen,162,477,6269,267,589
TN_Hamilton,217,530,6575,281,528
TN_Hancock,173,391,5986,253,607
TN_Hardeman,230,767,6923,285,519
TN_Hardin,236,731,6810,277,506
TN_Hawkins,165,416,6084,260,603
TN_Haywood,226,795,6942,291,552
TN_Henderson,223,726,6700,275,552
TN_Henry,225,705,6577,275,596
TN_Hickman,224,650,6526,268,553
TN_Houston,219,680,6509,267,576
TN_Humphreys,227,679,6507,264,567
TN_Jackson,205,574,6382,269,584
TN_Jefferson,165,484,6261,265,586
TN_Johnson,165,134,5360,238,667
TN_Knox,185,523,6342,269,580
TN_Lake,213,793,6721,284,622
TN_Lauderdale,219,806,6938,292,566
TN_Lawrence,241,597,6552,272,535
TN_Lewis,232,635,6559,270,542
TN_Lincoln,222,626,6603,274,530
TN_Loudon,195,565,6449,271,558
TN_Macon,211,628,6520,280,594
TN_Madison,229,759,6815,282,553
TN_Marion,233,373,6252,274,590
TN_Marshall,221,649,6547,270,544
TN_Maury,227,654,6533,268,548
TN_McMinn,211,565,6397,268,552
TN_McNairy,233,745,6834,278,517
TN_Meigs,211,604,6515,273,539
TN_Monroe,199,540,6393,269,548
TN_Montgomery,213,691,6533,272,595
TN_Moore,226,603,6593,276,534
TN_Morgan,201,372,5967,256,617
TN_Obion,223,755,6622,276,614
TN_Overton,199,529,6292,265,580
TN_Perry,226,674,6536,264,548
TN_Pickett,198,520,6206,261,602
TN_Polk,205,555,6446,270,526
TN_Putnam,207,523,6287,265,578
TN_Rhea,221,477,6289,271,583
TN_Roane,202,538,6351,268,576
TN_Robertson,208,648,6425,269,610
TN_Rutherford,211,655,6537,270,555
TN_Scott,196,351,5798,245,634
TN_Sequatchie,229,337,6099,270,620
TN_Sevier,166,527,6357,268,565
TN_Shelby,232,839,7117,296,516
TN_Smith,209,629,6509,276,580
TN_Stewart,218,680,6532,274,602
TN_Sullivan,158,323,5817,249,626
TN_Sumner,211,643,6489,275,599
TN_Tipton,227,827,7025,294,543
TN_Trousdale,213,632,6511,278,589
TN_Unicoi,166,357,5990,256,595
TN_Union,182,425,5965,250,621
TN_Van Buren,211,530,6372,269,560
TN_Warren,208,564,6467,271,547
TN_Washington,158,399,6098,262,598
TN_Wayne,240,641,6550,266,531
TN_Weakley,226,734,6610,275,601
TN_White,209,546,6371,268,563
TN_Williamson,215,650,6545,271,556
TN_Wilson,211,661,6525,271,574
TX_Anderson,210,918,8005,318,302
TX_Andrews,105,872,7482,290,349
TX_Angelina,222,904,8009,317,287
TX_Aransas,218,888,8942,361,89
TX_Archer,161,965,7626,294,391
TX_Armstrong,122,696,6367,251,510
TX_Atascosa,170,1005,8891,343,179
TX_Austin,204,944,8494,339,208
TX_Bailey,108,696,6372,244,459
TX_Bastrop,185,964,8441,332,233
TX_Baylor,156,961,7581,289,396
TX_Bee,175,987,8956,349,150
TX_Bell,183,951,8160,323,279
TX_Bexar,182,972,8664,339,198
TX_Blanco,182,913,8123,319,266
TX_Borden,127,882,7549,295,362
TX_Bosque,186,955,7959,310,318
TX_Bowie,226,914,7617,304,384
TX_Brazoria,250,879,8560,350,159
TX_Brazos,196,959,8355,329,247
TX_Brewster,119,621,7255,296,311
TX_Briscoe,134,753,6664,259,467
TX_Brown,173,883,7695,302,342
TX_Burleson,191,957,8369,329,243
TX_Burnet,165,900,7818,304,315
TX_Caldwell,187,958,8440,332,228
TX_Calhoun,229,922,8912,356,122
TX_Callahan,153,909,7772,306,341
TX_Camp,214,931,7715,302,363
TX_Carson,122,727,6420,252,512
TX_Cass,222,921,7707,306,367
TX_Castro,115,656,6256,244,489
TX_Chambers,270,882,8481,351,162
TX_Cherokee,214,911,7945,317,311
TX_Childress,141,930,7292,280,434
TX_Clay,174,953,7563,292,399
TX_Cochran,111,713,6589,252,433
TX_Coke,136,902,7643,295,348
TX_Coleman,159,912,7829,307,322
TX_Collin,206,942,7711,308,378
TX_Collingsworth,141,856,6936,268,468
TX_Colorado,206,945,8495,334,210
TX_Comanche,174,894,7712,302,344
TX_Concho,144,937,7949,305,301
TX_Cooke,199,901,7519,294,395
TX_Coryell,176,931,7999,316,299
TX_Cottle,140,925,7356,281,414
TX_Crane,92,988,7987,297,297
TX_Crockett,128,879,7763,301,305
TX_Crosby,133,783,6923,271,435
TX_Culberson,79,874,7360,281,330
TX_Dallam,96,636,5943,233,538
TX_Dallas,203,968,7919,318,344
TX_Dawson,122,821,7193,281,390
TX_Deaf Smith,110,651,6221,245,501
TX_Delta,215,917,7586,301,391
TX_Denton,203,966,7816,310,364
TX_DeWitt,191,962,8695,341,185
TX_Dickens,137,830,7083,276,422
TX_Dimmit,136,1054,9160,348,161
TX_Donley,134,800,6728,261,476
TX_Duval,153,935,9146,352,82
TX_Eastland,168,891,7663,300,353
TX_El Paso,70,881,7416,293,324
TX_Ellis,194,971,7986,318,327
TX_Erath,179,906,7729,303,346
TX_Falls,189,958,8212,323,273
TX_Fannin,213,909,7528,300,403
TX_Fayette,195,963,8513,334,218
TX_Fisher,137,925,7672,297,361
TX_Floyd,131,749,6702,262,463
TX_Foard,159,968,7490,283,410
TX_Fort Bend,232,928,8582,346,183
TX_Franklin,217,907,7636,304,375
TX_Freestone,202,946,8070,316,294
TX_Frio,158,1013,8913,343,182
TX_Gaines,114,820,7177,278,382
TX_Garza,130,841,7240,284,403
TX_Gillespie,176,854,7921,314,276
TX_Glasscock,113,891,7624,296,339
TX_Goliad,189,973,8849,345,163
TX_Gonzales,190,958,8540,335,212
TX_Gray,127,723,6433,253,517
TX_Grayson,209,917,7564,303,403
TX_Gregg,215,929,7844,309,338
TX_Grimes,200,959,8373,329,242
TX_Guadalupe,187,964,8505,334,218
TX_Hale,120,710,6596,259,466
TX_Hall,135,907,7208,276,434
TX_Hamilton,175,914,7836,307,326
TX_Hansford,108,781,6328,243,530
TX_Hardeman,152,951,7359,281,425
TX_Hardin,251,886,8143,325,246
TX_Harris,247,923,8496,344,195
TX_Harrison,225,920,7818,311,342
TX_Hartley,100,661,6036,236,528
TX_Haskell,145,955,7662,292,378
TX_Hays,191,943,8352,330,238
TX_Hemphill,131,809,6599,253,506
TX_Henderson,202,929,7907,314,326
TX_Hill,192,964,8029,317,312
TX_Hockley,116,732,6666,257,443
TX_Hopkins,214,908,7621,303,379
TX_Houston,207,920,8057,317,285
TX_Howard,124,895,7618,297,350
TX_Hudspeth,72,846,7195,276,338
TX_Hunt,211,927,7624,304,389
TX_Hutchinson,111,770,6408,248,521
TX_Irion,128,914,7845,304,306
TX_Jack,176,943,7697,296,369
TX_Jackson,219,916,8700,348,160
TX_Jasper,251,880,8084,324,258
TX_Jeff Davis,126,427,6717,289,359
TX_Jefferson,265,878,8375,343,194
TX_Jim Wells,164,928,9156,354,75
TX_Johnson,190,969,7988,314,322
TX_Jones,147,951,7752,298,361
TX_Karnes,171,979,8813,344,176
TX_Kaufman,200,956,7876,315,346
TX_Kent,134,881,7335,283,399
TX_King,144,915,7350,278,403
TX_Kinney,146,999,8739,341,201
TX_Kleberg,175,910,9190,359,58
TX_Knox,151,962,7604,290,389
TX_La Salle,146,1046,9115,348,162
TX_Lamar,220,919,7551,300,401
TX_Lamb,113,678,6412,249,469
TX_Lampasas,164,915,7958,314,300
TX_Lavaca,209,950,8607,341,193
TX_Lee,185,949,8346,330,245
TX_Leon,198,936,8118,318,281
TX_Liberty,259,904,8328,335,218
TX_Limestone,195,949,8040,315,305
TX_Lipscomb,127,780,6322,243,540
TX_Live Oak,162,1003,9004,349,154
TX_Llano,161,896,7912,308,296
TX_Loving,88,971,7841,293,308
TX_Lubbock,120,756,6815,266,440
TX_Lynn,124,776,7017,275,416
TX_Madison,205,939,8171,320,272
TX_Marion,221,914,7755,307,355
TX_Martin,113,887,7568,295,347
TX_Mason,158,872,7832,305,299
TX_Matagorda,237,882,8651,350,150
TX_Maverick,141,1051,9052,348,174
TX_McCulloch,152,919,7896,307,308
TX_McLennan,186,964,8079,319,301
TX_McMullen,151,1033,9059,346,165
TX_Medina,170,959,8659,341,194
TX_Midland,102,912,7720,301,328
TX_Milam,183,962,8334,328,254
TX_Mills,163,875,7769,308,327
TX_Mitchell,132,897,7596,295,356
TX_Montague,191,916,7564,296,389
TX_Montgomery,220,931,8308,331,237
TX_Moore,103,738,6301,245,525
TX_Morris,218,934,7761,306,360
TX_Motley,138,874,7217,278,421
TX_Nacogdoches,226,915,7948,314,308
TX_Navarro,196,954,7972,315,320
TX_Newton,247,868,7956,319,278
TX_Nolan,138,874,7562,296,362
TX_Nueces,182,906,9121,358,65
TX_Ochiltree,117,757,6240,242,543
TX_Oldham,108,666,6174,242,512
TX_Orange,267,820,8163,336,222
TX_Palo Pinto,180,944,7799,299,350
TX_Panola,230,917,7854,311,329
TX_Parker,189,929,7726,300,356
TX_Parmer,110,656,6282,247,483
TX_Pecos,107,822,7711,302,292
TX_Polk,233,911,8097,319,264
TX_Potter,110,714,6339,249,517
TX_Presidio,115,546,6781,275,335
TX_Rains,210,913,7675,306,371
TX_Randall,112,696,6370,250,502
TX_Reagan,114,877,7616,295,327
TX_Red River,225,902,7539,298,392
TX_Reeves,91,924,7739,293,306
TX_Refugio,210,948,8942,353,125
TX_Roberts,117,776,6401,247,524
TX_Robertson,194,953,8256,325,264
TX_Rockwall,204,940,7778,311,358
TX_Runnels,143,912,7801,303,328
TX_Rusk,215,914,7889,315,324
TX_Sabine,241,889,7849,311,309
TX_San Augustine,236,894,7915,315,296
TX_San Jacinto,229,911,8181,323,251
TX_San Patricio,195,907,9012,354,87
TX_San Saba,162,915,7942,310,301
TX_Schleicher,125,812,7562,298,324
TX_Scurry,131,870,7419,289,381
TX_Shackelford,153,923,7730,300,354
TX_Shelby,235,911,7863,310,320
TX_Sherman,101,728,6165,240,538
TX_Smith,208,913,7829,311,338
TX_Somervell,179,953,7872,303,330
TX_Stephens,163,932,7727,298,360
TX_Stonewall,142,946,7580,290,384
TX_Swisher,121,695,6430,251,483
TX_Tarrant,197,979,7976,317,336
TX_Taylor,144,915,7736,302,348
TX_Terrell,104,887,7856,305,290
TX_Terry,122,769,6927,270,417
TX_Throckmorton,154,951,7666,293,375
TX_Titus,219,925,7654,299,373
TX_Tom Green,137,916,7831,302,314
TX_Travis,184,962,8390,332,241
TX_Trinity,218,913,8055,315,279
TX_Tyler,232,891,8026,319,273
TX_Upshur,212,920,7757,306,350
TX_Upton,107,891,7669,296,324
TX_Uvalde,154,976,8655,338,203
TX_Val Verde,131,948,8161,314,268
TX_Van Zandt,209,906,7660,305,370
TX_Victoria,212,940,8806,349,149
TX_Walker,213,934,8241,325,254
TX_Waller,208,942,8414,334,223
TX_Washington,192,954,8380,329,236
TX_Webb,141,980,9177,350,110
TX_Wharton,220,924,8588,344,183
TX_Wheeler,135,805,6693,261,498
TX_Wichita,165,961,7524,290,409
TX_Wilbarger,160,963,7491,286,413
TX_Williamson,182,949,8231,326,265
TX_Wilson,176,980,8691,339,195
TX_Wise,196,938,7706,299,367
TX_Wood,209,907,7658,302,363
TX_Yoakum,114,741,6783,261,413
TX_Young,168,952,7705,294,370
TX_Zavala,142,1029,8989,346,175
UT_Beaver,69,533,4892,197,746
UT_Box Elder,85,496,4727,226,988
UT_Cache,100,457,4503,211,952
UT_Carbon,77,201,4109,188,898
UT_Daggett,79,18,3156,148,928
UT_Davis,101,648,5459,263,980
UT_Duchesne,51,377,4402,190,811
UT_Emery,45,360,4580,195,762
UT_Garfield,94,171,3914,155,787
UT_Grand,47,720,5543,240,747
UT_Iron,74,509,4969,207,751
UT_Juab,72,593,4957,215,852
UT_Kane,108,345,4772,200,733
UT_Millard,60,628,5134,217,781
UT_Rich,60,157,3345,143,781
UT_Salt Lake,95,598,5301,253,941
UT_San Juan,79,304,4504,202,891
UT_Sanpete,71,372,4433,190,852
UT_Sevier,39,447,4717,194,700
UT_Summit,117,76,3556,162,924
UT_Tooele,77,591,4983,219,876
UT_Uintah,46,617,4810,202,765
UT_Utah,80,589,5083,231,905
UT_Wasatch,90,290,4176,187,935
UT_Washington,94,762,6455,303,551
UT_Wayne,69,85,3727,161,843
UT_Weber,109,589,5194,247,967
VA_Accomack,169,389,6391,310,583
VA_Albemarle,176,490,6104,266,658
VA_Alleghany,158,163,5177,237,773
VA_Amelia,167,567,6223,259,595
VA_Amherst,179,500,6133,261,621
VA_Appomattox,170,500,6118,260,625
VA_Augusta,156,360,5625,244,703
VA_Bath,157,202,5138,226,736
VA_Bedford,169,463,6102,264,637
VA_Bland,153,89,5024,230,732
VA_Botetourt,159,392,5828,254,682
VA_Brunswick,171,589,6447,268,544
VA_Buckingham,171,532,6165,259,620
VA_Campbell,166,507,6110,258,623
VA_Caroline,166,553,6268,273,650
VA_Carroll,166,162,5343,237,700
VA_Charles City,175,611,6618,286,559
VA_Charlotte,168,537,6203,261,599
VA_Chesapeake City,185,544,6749,304,514
VA_Chesterfield,170,595,6422,273,583
VA_Culpeper,168,519,6033,263,686
VA_Cumberland,168,562,6186,256,607
VA_Danville City,169,549,6270,262,587
VA_Dinwiddie,169,601,6375,266,568
VA_Essex,167,604,6483,290,637
VA_Fauquier,165,478,5943,262,710
VA_Floyd,159,182,5357,238,702
VA_Fluvanna,169,516,6129,262,638
VA_Franklin,172,450,6051,261,634
VA_Frederick,148,406,5624,254,787
VA_Giles,140,197,5338,238,730
VA_Gloucester,187,475,6532,304,586
VA_Goochland,164,538,6183,261,621
VA_Grayson,155,112,5184,233,703
VA_Greene,175,477,5993,262,672
VA_Greensville,170,603,6489,271,545
VA_Halifax,166,551,6219,258,590
VA_Hanover,167,543,6273,268,615
VA_Henrico,173,598,6511,283,602
VA_Henry,178,460,6058,256,618
VA_Highland,155,88,4705,217,773
VA_Isle of Wight,183,566,6678,296,533
VA_King and Queen,170,575,6454,281,596
VA_King William,169,586,6477,276,577
VA_Lancaster,175,535,6416,294,579
VA_Lee,179,330,5796,245,625
VA_Loudoun,157,498,5865,261,755
VA_Louisa,170,508,6099,262,647
VA_Lunenburg,168,546,6244,261,585
VA_Madison,178,471,5929,258,678
VA_Mathews,185,483,6521,303,580
VA_Mecklenburg,164,600,6401,266,564
VA_Middlesex,179,511,6476,303,575
VA_Montgomery,143,233,5467,241,704
VA_Nelson,178,467,6067,261,640
VA_New Kent,171,608,6571,282,565
VA_Newport News City,187,548,6691,308,546
VA_Northampton,173,422,6580,318,514
VA_Nottoway,169,551,6219,259,592
VA_Orange,171,510,6094,265,664
VA_Page,160,447,5726,245,700
VA_Patrick,191,186,5506,247,690
VA_Pittsylvania,166,503,6138,258,607
VA_Powhatan,165,559,6170,255,609
VA_Prince Edward,167,544,6211,260,603
VA_Prince George,175,649,6747,292,537
VA_Prince William,164,544,6078,267,706
VA_Pulaski,139,223,5480,242,698
VA_Rappahannock,175,472,5858,255,701
VA_Richmond,171,554,6477,297,582
VA_Rockbridge,167,384,5736,246,671
VA_Rockingham,149,376,5570,241,720
VA_Russell,157,205,5480,239,669
VA_Scott,174,253,5745,252,647
VA_Shenandoah,148,399,5579,241,724
VA_Smyth,158,156,5283,232,684
VA_Southampton,179,632,6596,276,530
VA_Spotsylvania,167,533,6147,265,649
VA_Suffolk City,188,552,6683,297,533
VA_Surry,180,593,6674,292,536
VA_Sussex,177,626,6542,275,549
VA_Tazewell,149,86,5141,236,722
VA_Virginia Beach City,180,484,6811,317,509
VA_Washington,157,223,5547,242,655
VA_Westmoreland,169,578,6487,298,610
VA_Wise,175,178,5597,250,663
VA_Wythe,142,184,5355,236,692
VT_Addison,130,191,4502,226,938
VT_Bennington,159,85,4156,211,940
VT_Caledonia,146,56,3689,191,827
VT_Chittenden,132,140,4357,225,960
VT_Essex,133,80,3810,193,841
VT_Franklin,132,112,4251,223,923
VT_Grand Isle,123,158,4448,233,954
VT_Lamoille,136,87,4040,211,896
VT_Orange,142,79,3894,199,882
VT_Orleans,141,53,3751,197,838
VT_Rutland,148,142,4278,215,930
VT_Washington,139,85,3952,204,899
VT_Windham,165,112,4173,208,902
VT_Windsor,149,116,4103,204,910
WA_Adams,58,435,4875,266,1111
WA_Asotin,80,339,4866,289,1049
WA_Benton,52,507,5364,288,878
WA_Chelan,109,264,4412,247,1232
WA_Clallam,490,1,4406,339,1042
WA_Clark,350,94,4974,327,761
WA_Columbia,112,360,4935,284,976
WA_Cowlitz,395,49,4720,326,845
WA_Douglas,64,333,4465,246,1199
WA_Ferry,95,181,3943,225,1222
WA_Franklin,53,494,5301,288,958
WA_Garfield,93,378,4985,287,1001
WA_Grant,48,467,4988,265,1079
WA_Grays Harbor,483,23,4779,337,888
WA_Jefferson,579,1,4599,348,988
WA_King,284,40,4749,335,1008
WA_Kittitas,73,240,4266,229,1177
WA_Klickitat,93,323,4641,260,1000
WA_Lewis,287,70,4848,329,803
WA_Lincoln,72,324,4407,246,1200
WA_Mason,557,31,4520,323,1100
WA_Okanogan,77,294,4379,242,1206
WA_Pacific,612,6,4519,331,875
WA_Pend Oreille,172,120,3549,200,1248
WA_Pierce,287,23,4409,310,1140
WA_Skagit,232,5,4776,346,990
WA_Skamania,503,36,4083,279,1097
WA_Snohomish,244,10,4783,343,966
WA_Spokane,100,285,4360,253,1282
WA_Stevens,108,294,4285,240,1269
WA_Thurston,266,64,4942,330,874
WA_Wahkiakum,544,16,4666,331,722
WA_Walla Walla,77,490,5379,298,886
WA_Whatcom,253,29,4788,337,1073
WA_Whitman,98,311,4600,271,1191
WA_Yakima,59,422,4960,259,916
WI_,129,138,4286,230,984
WI_Adams,158,274,4490,212,867
WI_Ashland,144,138,3840,193,822
WI_Barron,155,218,4218,203,797
WI_Bayfield,145,149,3893,200,873
WI_Brown,133,207,4444,229,943
WI_Buffalo,168,300,4547,214,845
WI_Burnett,157,217,4168,202,800
WI_Calumet,137,236,4516,225,916
WI_Chippewa,155,230,4270,205,811
WI_Clark,160,193,4156,202,808
WI_Columbia,159,284,4637,221,879
WI_Crawford,171,294,4630,217,848
WI_Dane,161,282,4643,219,870
WI_Dodge,155,263,4624,224,889
WI_Door,132,103,4266,238,1021
WI_Douglas,153,117,3824,202,863
WI_Dunn,160,274,4435,210,829
WI_Eau Claire,159,260,4395,209,832
WI_Florence,132,137,3859,193,882
WI_Fond du Lac,145,241,4571,226,902
WI_Forest,140,87,3730,188,828
WI_Grant,172,311,4756,222,852
WI_Green,167,308,4699,217,857
WI_Green Lake,153,276,4587,220,890
WI_Iowa,169,279,4625,217,856
WI_Jackson,167,268,4398,207,828
WI_Jefferson,158,309,4753,225,886
WI_Juneau,163,274,4528,213,858
WI_Kenosha,150,253,4797,236,933
WI_Kewaunee,132,129,4354,239,1007
WI_La Crosse,169,302,4630,218,843
WI_Lafayette,171,309,4717,218,849
WI_Langlade,143,127,3907,195,815
WI_Lincoln,151,153,3971,194,810
WI_Manitowoc,133,153,4463,239,993
WI_Marathon,156,170,4094,202,825
WI_Marinette,136,168,4077,205,918
WI_Marquette,158,284,4566,216,876
WI_Menominee,143,149,3947,194,841
WI_Milwaukee,150,256,4773,241,973
WI_Monroe,167,267,4486,212,835
WI_Oconto,137,179,4179,210,909
WI_Oneida,141,97,3746,187,824
WI_Outagamie,141,232,4433,222,914
WI_Ozaukee,145,202,4597,238,985
WI_Pepin,168,311,4571,215,846
WI_Pierce,167,278,4480,213,827
WI_Polk,158,232,4270,205,799
WI_Portage,151,210,4282,209,862
WI_Price,151,115,3840,191,786
WI_Racine,151,251,4771,235,942
WI_Richland,169,294,4605,215,859
WI_Rock,160,324,4771,222,869
WI_Rusk,154,184,4085,197,804
WI_Saint Croix,161,260,4401,210,814
WI_Sauk,165,270,4612,218,872
WI_Sawyer,157,179,4063,197,805
WI_Shawano,143,203,4225,209,887
WI_Sheboygan,150,208,4602,237,972
WI_Taylor,155,154,4025,197,790
WI_Trempealeau,168,287,4470,210,833
WI_Vernon,171,260,4560,217,843
WI_Walworth,154,319,4813,228,894
WI_Washburn,158,217,4203,203,811
WI_Washington,150,225,4532,225,909
WI_Waukesha,154,285,4716,226,894
WI_Waupaca,148,226,4356,214,896
WI_Waushara,151,256,4466,216,887
WI_Winnebago,144,245,4542,226,915
WI_Wood,158,231,4307,208,850
WV_Barbour,144,170,5101,229,740
WV_Berkeley,148,398,5582,253,806
WV_Boone,167,417,5829,247,698
WV_Braxton,164,379,5634,240,712
WV_Brooke,143,256,5246,248,870
WV_Clay,160,362,5681,244,722
WV_Doddridge,161,305,5330,228,763
WV_Fayette,159,244,5538,249,728
WV_Grant,138,295,5287,234,772
WV_Greenbrier,148,186,5161,228,745
WV_Hampshire,137,408,5475,242,805
WV_Hancock,136,263,5267,251,892
WV_Hardy,119,204,5027,221,697
WV_Jackson,156,433,5677,241,734
WV_Jefferson,152,460,5704,254,781
WV_Kanawha,154,433,5806,248,720
WV_Lewis,163,320,5426,236,747
WV_Lincoln,159,462,5850,245,692
WV_Marshall,147,253,5122,231,819
WV_Mason,151,450,5725,243,735
WV_Mercer,136,159,5414,245,720
WV_Monongalia,155,209,5253,244,804
WV_Monroe,140,195,5295,235,734
WV_Morgan,141,396,5526,249,809
WV_Nicholas,173,127,5143,233,737
WV_Ohio,144,225,5153,243,856
WV_Pendleton,141,145,4950,225,766
WV_Pocahontas,157,84,4613,208,759
WV_Preston,159,110,4907,232,802
WV_Putnam,152,436,5837,251,715
WV_Raleigh,158,148,5314,242,733
WV_Randolph,163,107,4831,217,742
WV_Ritchie,159,350,5485,235,759
WV_Roane,157,426,5626,238,739
WV_Summers,142,129,5286,246,760
WV_Tucker,173,160,5016,227,771
WV_Upshur,47,34,2396,116,295
WV_Wayne,159,465,5948,258,704
WV_Webster,177,148,5137,231,732
WV_Wood,154,422,5654,244,755
WV_Wyoming,169,177,5390,242,718
WY_Albany,68,75,3431,160,867
WY_Big Horn,56,445,4346,186,800
WY_Campbell,92,429,4342,186,810
WY_Carbon,60,120,3548,163,882
WY_Converse,82,366,4223,182,834
WY_Crook,104,375,4230,182,798
WY_Fremont,104,166,2964,143,751
WY_Goshen,89,530,4761,187,714
WY_Hot Springs,77,240,4039,186,919
WY_Johnson,82,390,4267,182,818
WY_Laramie,88,382,4522,187,756
WY_Lincoln,84,88,3182,144,819
WY_Natrona,73,352,4178,186,870
WY_Niobrara,97,396,4319,181,787
WY_Park,81,173,3233,154,790
WY_Platte,85,484,4698,193,765
WY_Sheridan,93,406,4255,180,792
WY_Sublette,91,3,2524,118,694
WY_Sweetwater,49,192,3662,164,860
WY_Teton,165,0,2269,120,708
WY_Uinta,60,90,3520,161,947
WY_Washakie,77,345,4188,184,849
WY_Weston,95,354,4120,179,817
